{"cameraMode":{"drawMode":0,"name":"Shaded","section":"Shading Mode"},"sceneLighting":false,"audioPlay":false,"sceneViewState":{"showFog":true,"showMaterialUpdate":true,"showSkybox":true,"showFlares":true,"showImageEffects":true,"showParticleSystems":true},"in2DMode":false,"pivot":{"x":-7.595302104949951,"y":-2.882084369659424,"z":24.14113998413086},"rotation":{"x":-0.09984683990478516,"y":0.12648166716098786,"z":-0.012801638804376126,"w":-0.9868480563163757},"size":39.28633499145508,"orthographic":false}