{"cameraMode":{"drawMode":0,"name":"Shaded","section":"Shading Mode"},"sceneLighting":false,"audioPlay":false,"sceneViewState":{"showFog":true,"showMaterialUpdate":true,"showSkybox":true,"showFlares":true,"showImageEffects":true,"showParticleSystems":true},"in2DMode":false,"pivot":{"x":-1.4733809232711793,"y":-1.6542924642562867,"z":2.4879841804504396},"rotation":{"x":-0.19088706374168397,"y":0.049153413623571399,"z":-0.009571039117872715,"w":-0.9803338646888733},"size":8.540172576904297,"orthographic":false}