{"cameraMode":{"drawMode":0,"name":"Shaded","section":"Shading Mode"},"sceneLighting":false,"audioPlay":false,"sceneViewState":{"showFog":true,"showMaterialUpdate":false,"showSkybox":true,"showFlares":true,"showImageEffects":true,"showParticleSystems":true},"in2DMode":false,"pivot":{"x":696.0618286132813,"y":261.0,"z":5.037652015686035},"rotation":{"x":0.07640855759382248,"y":-0.020936675369739534,"z":0.0016047866083681584,"w":0.9968554973602295},"size":2317.06591796875,"orthographic":false}