{"cameraMode":{"drawMode":0,"name":"Shaded","section":"Shading Mode"},"sceneLighting":false,"audioPlay":false,"sceneViewState":{"showFog":true,"showMaterialUpdate":true,"showSkybox":true,"showFlares":true,"showImageEffects":true,"showParticleSystems":true},"in2DMode":false,"pivot":{"x":0.04600691795349121,"y":0.4042283296585083,"z":-0.5661273002624512},"rotation":{"x":-0.15105284750461579,"y":0.23910526931285859,"z":-0.037684742361307147,"w":-0.9584318399429321},"size":4.825516700744629,"orthographic":false}