{"cameraMode":{"drawMode":0,"name":"Shaded","section":"Shading Mode"},"sceneLighting":false,"audioPlay":false,"sceneViewState":{"showFog":true,"showMaterialUpdate":true,"showSkybox":true,"showFlares":true,"showImageEffects":true,"showParticleSystems":true},"in2DMode":false,"pivot":{"x":-3.235043525695801,"y":0.6855769157409668,"z":2.0414223670959474},"rotation":{"x":0.10211172699928284,"y":-0.015498465858399868,"z":0.0015914879040792585,"w":0.9946509599685669},"size":17.090539932250978,"orthographic":false}