{"cameraMode":{"drawMode":0,"name":"Shaded","section":"Shading Mode"},"sceneLighting":false,"audioPlay":false,"sceneViewState":{"showFog":true,"showMaterialUpdate":false,"showSkybox":true,"showFlares":true,"showImageEffects":true,"showParticleSystems":true},"in2DMode":false,"pivot":{"x":604.9437866210938,"y":190.9569549560547,"z":-3.3526611328125},"rotation":{"x":0.062403954565525058,"y":0.13225369155406953,"z":0.008343599736690522,"w":-0.9892144203186035},"size":1003.114501953125,"orthographic":false}