{"cameraMode":{"drawMode":0,"name":"Shaded","section":"Shading Mode"},"sceneLighting":false,"audioPlay":false,"sceneViewState":{"showFog":true,"showMaterialUpdate":true,"showSkybox":true,"showFlares":true,"showImageEffects":true,"showParticleSystems":true},"in2DMode":false,"pivot":{"x":2.8360517024993898,"y":-2.937321662902832,"z":8.89826488494873},"rotation":{"x":-0.17625129222869874,"y":-0.04135694354772568,"z":0.007407332770526409,"w":-0.9834482073783875},"size":19.424238204956056,"orthographic":false}