{"cameraMode":{"drawMode":0,"name":"Shaded","section":"Shading Mode"},"sceneLighting":false,"audioPlay":false,"sceneViewState":{"showFog":true,"showMaterialUpdate":true,"showSkybox":true,"showFlares":true,"showImageEffects":true,"showParticleSystems":true},"in2DMode":false,"pivot":{"x":2.930328369140625,"y":-0.13144779205322267,"z":0.31904029846191409},"rotation":{"x":0.2196487933397293,"y":-0.1710631102323532,"z":0.03915299102663994,"w":0.9596660137176514},"size":18.463125228881837,"orthographic":false}