{"cameraMode":{"drawMode":0,"name":"Shaded","section":"Shading Mode"},"sceneLighting":false,"audioPlay":false,"sceneViewState":{"showFog":true,"showMaterialUpdate":true,"showSkybox":true,"showFlares":true,"showImageEffects":true,"showParticleSystems":true},"in2DMode":false,"pivot":{"x":-0.24773630499839784,"y":-1.6999988555908204,"z":0.8596742749214172},"rotation":{"x":0.001428083167411387,"y":-0.9931582808494568,"z":0.11612728238105774,"w":0.012212865054607392},"size":22.0,"orthographic":false}