{"cameraMode":{"drawMode":0,"name":"Shaded","section":"Shading Mode"},"sceneLighting":false,"audioPlay":false,"sceneViewState":{"showFog":true,"showMaterialUpdate":true,"showSkybox":true,"showFlares":true,"showImageEffects":true,"showParticleSystems":true},"in2DMode":false,"pivot":{"x":-2.384185791015625e-7,"y":0.05000019073486328,"z":0.0},"rotation":{"x":0.08712820708751679,"y":-0.6864067316055298,"z":0.08339250087738037,"w":0.7171472907066345},"size":41.038639068603519,"orthographic":false}