{"cameraMode":{"drawMode":0,"name":"Shaded","section":"Shading Mode"},"sceneLighting":false,"audioPlay":false,"sceneViewState":{"showFog":true,"showMaterialUpdate":false,"showSkybox":true,"showFlares":true,"showImageEffects":true,"showParticleSystems":true},"in2DMode":false,"pivot":{"x":26.660398483276368,"y":3.113696575164795,"z":-26.55385971069336},"rotation":{"x":-0.02653365582227707,"y":-0.3641694486141205,"z":-0.010377705097198487,"w":0.9308968782424927},"size":6.910555839538574,"orthographic":false}