{"cameraMode":{"drawMode":0,"name":"Shaded","section":"Shading Mode"},"sceneLighting":false,"audioPlay":false,"sceneViewState":{"showFog":true,"showMaterialUpdate":true,"showSkybox":true,"showFlares":true,"showImageEffects":true,"showParticleSystems":true},"in2DMode":false,"pivot":{"x":-1.2769262790679932,"y":2.8713016510009767,"z":0.5967815518379211},"rotation":{"x":-0.6763554811477661,"y":-0.004432498011738062,"z":0.004069163464009762,"w":-0.7365508079528809},"size":9.236189842224121,"orthographic":false}