{"cameraMode":{"drawMode":0,"name":"Shaded","section":"Shading Mode"},"sceneLighting":false,"audioPlay":false,"sceneViewState":{"showFog":true,"showMaterialUpdate":true,"showSkybox":true,"showFlares":true,"showImageEffects":true,"showParticleSystems":true},"in2DMode":false,"pivot":{"x":0.2918703258037567,"y":0.05159410834312439,"z":-0.2545034885406494},"rotation":{"x":-0.15524423122406007,"y":-0.40719589591026308,"z":0.07045010477304459,"w":-0.8972890377044678},"size":0.8404743075370789,"orthographic":false}