{"cameraMode":{"drawMode":0,"name":"Shaded","section":"Shading Mode"},"sceneLighting":false,"audioPlay":false,"sceneViewState":{"showFog":true,"showMaterialUpdate":false,"showSkybox":true,"showFlares":true,"showImageEffects":true,"showParticleSystems":true},"in2DMode":false,"pivot":{"x":34.346153259277347,"y":3.367680549621582,"z":-24.060195922851564},"rotation":{"x":-0.05097155272960663,"y":0.006591890472918749,"z":0.0003386138705536723,"w":0.9986783266067505},"size":13.166361808776856,"orthographic":false}