{"cameraMode":{"drawMode":0,"name":"Shaded","section":"Shading Mode"},"sceneLighting":false,"audioPlay":false,"sceneViewState":{"showFog":true,"showMaterialUpdate":false,"showSkybox":true,"showFlares":true,"showImageEffects":true,"showParticleSystems":true},"in2DMode":false,"pivot":{"x":-0.8794915080070496,"y":1.4485150575637818,"z":5.677596092224121},"rotation":{"x":0.07640855759382248,"y":-0.020936675369739534,"z":0.0016047866083681584,"w":0.9968554973602295},"size":22.218494415283204,"orthographic":false}