{"cameraMode":{"drawMode":0,"name":"Shaded","section":"Shading Mode"},"sceneLighting":false,"audioPlay":false,"sceneViewState":{"showFog":true,"showMaterialUpdate":true,"showSkybox":true,"showFlares":true,"showImageEffects":true,"showParticleSystems":true},"in2DMode":false,"pivot":{"x":-46.505165100097659,"y":-2.1358203887939455,"z":93.54487609863281},"rotation":{"x":0.034391969442367557,"y":-0.23609836399555207,"z":0.008361133746802807,"w":0.9710843563079834},"size":116.52693176269531,"orthographic":false}