{"cameraMode":{"drawMode":0,"name":"Shaded","section":"Shading Mode"},"sceneLighting":false,"audioPlay":false,"sceneViewState":{"showFog":true,"showMaterialUpdate":true,"showSkybox":true,"showFlares":true,"showImageEffects":true,"showParticleSystems":true},"in2DMode":false,"pivot":{"x":-0.5382212400436401,"y":-5.521848201751709,"z":7.732523441314697},"rotation":{"x":0.26543477177619936,"y":0.032701317220926288,"z":-0.009007981047034264,"w":0.963532030582428},"size":21.774776458740236,"orthographic":false}