{"cameraMode":{"drawMode":0,"name":"Shaded","section":"Shading Mode"},"sceneLighting":false,"audioPlay":false,"sceneViewState":{"showFog":true,"showMaterialUpdate":true,"showSkybox":true,"showFlares":true,"showImageEffects":true,"showParticleSystems":true},"in2DMode":false,"pivot":{"x":394.0124206542969,"y":263.7049255371094,"z":-16.256999969482423},"rotation":{"x":0.22857385873794557,"y":-0.6241719126701355,"z":0.19805458188056947,"w":0.7203734517097473},"size":2.5974295139312746,"orthographic":false}