{"cameraMode":{"drawMode":0,"name":"Shaded","section":"Shading Mode"},"sceneLighting":false,"audioPlay":false,"sceneViewState":{"showFog":true,"showMaterialUpdate":true,"showSkybox":true,"showFlares":true,"showImageEffects":true,"showParticleSystems":true},"in2DMode":false,"pivot":{"x":2.2096214294433595,"y":2.2011661529541017,"z":17.479934692382814},"rotation":{"x":-0.1636020690202713,"y":-0.30382218956947329,"z":0.05303872749209404,"w":-0.9370770454406738},"size":100.88573455810547,"orthographic":false}