{"cameraMode":{"drawMode":0,"name":"Shaded","section":"Shading Mode"},"sceneLighting":false,"audioPlay":false,"sceneViewState":{"showFog":false,"showMaterialUpdate":false,"showSkybox":false,"showFlares":false,"showImageEffects":false,"showParticleSystems":false},"in2DMode":false,"pivot":{"x":-1.348907470703125,"y":-7.6989617347717289,"z":13.429191589355469},"rotation":{"x":0.312663197517395,"y":-0.0051277619786560539,"z":0.0016878271708264948,"w":0.9498487710952759},"size":26.278575897216798,"orthographic":false}