{"cameraMode":{"drawMode":0,"name":"Shaded","section":"Shading Mode"},"sceneLighting":false,"audioPlay":false,"sceneViewState":{"showFog":true,"showMaterialUpdate":true,"showSkybox":true,"showFlares":true,"showImageEffects":true,"showParticleSystems":true},"in2DMode":false,"pivot":{"x":0.7865429520606995,"y":0.8185296058654785,"z":9.722675323486329},"rotation":{"x":0.30440813302993777,"y":-0.33050721883773806,"z":0.11353857815265656,"w":0.8861205577850342},"size":22.0,"orthographic":false}