{"cameraMode":{"drawMode":0,"name":"Shaded","section":"Shading Mode"},"sceneLighting":false,"audioPlay":false,"sceneViewState":{"showFog":true,"showMaterialUpdate":true,"showSkybox":true,"showFlares":true,"showImageEffects":true,"showParticleSystems":true},"in2DMode":false,"pivot":{"x":37.997798919677737,"y":-25.980342864990236,"z":16.53685760498047},"rotation":{"x":-0.2227349877357483,"y":-0.5379514098167419,"z":0.1499447077512741,"w":-0.7990707159042358},"size":90.30831146240235,"orthographic":false}