{"cameraMode":{"drawMode":0,"name":"Shaded","section":"Shading Mode"},"sceneLighting":false,"audioPlay":false,"sceneViewState":{"showFog":true,"showMaterialUpdate":true,"showSkybox":true,"showFlares":true,"showImageEffects":true,"showParticleSystems":true},"in2DMode":false,"pivot":{"x":20.47323226928711,"y":2.93931245803833,"z":-4.219978332519531},"rotation":{"x":-0.0650067999958992,"y":-0.5811989307403565,"z":-0.046655114740133288,"w":0.8098180294036865},"size":2.5507256984710695,"orthographic":false}