{"cameraMode":{"drawMode":0,"name":"Shaded","section":"Shading Mode"},"sceneLighting":false,"audioPlay":false,"sceneViewState":{"showFog":true,"showMaterialUpdate":true,"showSkybox":true,"showFlares":true,"showImageEffects":true,"showParticleSystems":true},"in2DMode":false,"pivot":{"x":-0.37389087677001955,"y":-1.5286445617675782,"z":-1.2990741729736329},"rotation":{"x":-0.632119357585907,"y":0.0069616567343473438,"z":-0.00568001763895154,"w":-0.774819016456604},"size":30.08330726623535,"orthographic":false}