{"cameraMode":{"drawMode":0,"name":"Shaded","section":"Shading Mode"},"sceneLighting":false,"audioPlay":false,"sceneViewState":{"showFog":true,"showMaterialUpdate":true,"showSkybox":true,"showFlares":true,"showImageEffects":true,"showParticleSystems":true},"in2DMode":false,"pivot":{"x":0.1390933245420456,"y":-2.127547264099121,"z":0.5592102408409119},"rotation":{"x":0.4312190115451813,"y":0.0005596228875219822,"z":-0.00027070569922216237,"w":0.9022470712661743},"size":9.766611099243164,"orthographic":false}