{"cameraMode":{"drawMode":0,"name":"Shaded","section":"Shading Mode"},"sceneLighting":false,"audioPlay":false,"sceneViewState":{"showFog":true,"showMaterialUpdate":false,"showSkybox":true,"showFlares":true,"showImageEffects":true,"showParticleSystems":true},"in2DMode":false,"pivot":{"x":76.34257507324219,"y":183.58795166015626,"z":-66.6088638305664},"rotation":{"x":-0.155230313539505,"y":0.2346491515636444,"z":-0.037988677620887759,"w":-0.9588536620140076},"size":682.9990844726563,"orthographic":false}