{"cameraMode":{"drawMode":0,"name":"Shaded","section":"Shading Mode"},"sceneLighting":false,"audioPlay":false,"sceneViewState":{"showFog":true,"showMaterialUpdate":true,"showSkybox":true,"showFlares":true,"showImageEffects":true,"showParticleSystems":true},"in2DMode":false,"pivot":{"x":2.826681137084961,"y":-0.1446685791015625,"z":3.0914182662963869},"rotation":{"x":0.26290735602378847,"y":-0.08149559050798416,"z":0.022292084991931917,"w":0.9611146450042725},"size":24.222564697265626,"orthographic":false}