{"cameraMode":{"drawMode":0,"name":"Shaded","section":"Shading Mode"},"sceneLighting":false,"audioPlay":false,"sceneViewState":{"showFog":true,"showMaterialUpdate":true,"showSkybox":true,"showFlares":true,"showImageEffects":true,"showParticleSystems":true},"in2DMode":false,"pivot":{"x":-0.24773630499839784,"y":-1.6999988555908204,"z":0.8596742749214172},"rotation":{"x":0.0032991101033985616,"y":0.02941497042775154,"z":-0.00009622440120438114,"w":0.9995619058609009},"size":22.0,"orthographic":false}