{"cameraMode":{"drawMode":0,"name":"Shaded","section":"Shading Mode"},"sceneLighting":false,"audioPlay":false,"sceneViewState":{"showFog":true,"showMaterialUpdate":true,"showSkybox":true,"showFlares":true,"showImageEffects":true,"showParticleSystems":true},"in2DMode":false,"pivot":{"x":-0.9698299765586853,"y":-3.9046988487243654,"z":9.101946830749512},"rotation":{"x":-0.24030278623104096,"y":-0.16445857286453248,"z":0.041349370032548907,"w":-0.9557710289955139},"size":22.0,"orthographic":false}