{"cameraMode":{"drawMode":0,"name":"Shaded","section":"Shading Mode"},"sceneLighting":false,"audioPlay":false,"sceneViewState":{"showFog":true,"showMaterialUpdate":true,"showSkybox":true,"showFlares":true,"showImageEffects":true,"showParticleSystems":true},"in2DMode":false,"pivot":{"x":0.5965320467948914,"y":-0.8108797073364258,"z":4.8955979347229},"rotation":{"x":-0.5397006273269653,"y":-0.06176469475030899,"z":0.0397474430501461,"w":-0.8386468291282654},"size":12.09326457977295,"orthographic":true}