{"cameraMode":{"drawMode":0,"name":"Shaded","section":"Shading Mode"},"sceneLighting":false,"audioPlay":false,"sceneViewState":{"showFog":true,"showMaterialUpdate":true,"showSkybox":true,"showFlares":true,"showImageEffects":true,"showParticleSystems":true},"in2DMode":false,"pivot":{"x":9.626152038574219,"y":-2.6673262119293215,"z":1.7082675695419312},"rotation":{"x":-0.11788954585790634,"y":-0.636902928352356,"z":0.09940017759799957,"w":-0.7553650736808777},"size":17.983028411865236,"orthographic":false}