{"cameraMode":{"drawMode":0,"name":"Shaded","section":"Shading Mode"},"sceneLighting":false,"audioPlay":false,"sceneViewState":{"showFog":true,"showMaterialUpdate":false,"showSkybox":true,"showFlares":true,"showImageEffects":true,"showParticleSystems":true},"in2DMode":false,"pivot":{"x":29.16932487487793,"y":1.963835597038269,"z":-24.92428207397461},"rotation":{"x":0.000004776240530190989,"y":-0.18433889746665955,"z":0.0000027988564852421406,"w":0.9828627705574036},"size":13.786766052246094,"orthographic":false}