{"cameraMode":{"drawMode":0,"name":"Shaded","section":"Shading Mode"},"sceneLighting":false,"audioPlay":false,"sceneViewState":{"showFog":true,"showMaterialUpdate":true,"showSkybox":true,"showFlares":true,"showImageEffects":true,"showParticleSystems":true},"in2DMode":false,"pivot":{"x":2.7481930255889894,"y":-75.18700408935547,"z":70.1943359375},"rotation":{"x":0.4049278795719147,"y":0.020028315484523774,"z":-0.008874173276126385,"w":0.9140862226486206},"size":143.40457153320313,"orthographic":false}