{"cameraMode":{"drawMode":0,"name":"Shaded","section":"Shading Mode"},"sceneLighting":false,"audioPlay":false,"sceneViewState":{"showFog":true,"showMaterialUpdate":true,"showSkybox":true,"showFlares":true,"showImageEffects":true,"showParticleSystems":true},"in2DMode":false,"pivot":{"x":-2.3226308822631838,"y":1.7328797578811646,"z":0.24601605534553529},"rotation":{"x":0.13903839886188508,"y":-0.013066171668469906,"z":0.0018347357399761677,"w":0.9901991486549377},"size":10.507787704467774,"orthographic":false}