{"cameraMode":{"drawMode":0,"name":"Shaded","section":"Shading Mode"},"sceneLighting":false,"audioPlay":false,"sceneViewState":{"showFog":true,"showMaterialUpdate":true,"showSkybox":true,"showFlares":true,"showImageEffects":true,"showParticleSystems":true},"in2DMode":false,"pivot":{"x":-10.878618240356446,"y":-5.382905006408691,"z":35.77392578125},"rotation":{"x":-0.10307160019874573,"y":0.10421846807003021,"z":-0.010863476432859898,"w":-0.9891394376754761},"size":55.106170654296878,"orthographic":false}