{"cameraMode":{"drawMode":0,"name":"Shaded","section":"Shading Mode"},"sceneLighting":false,"audioPlay":false,"sceneViewState":{"showFog":true,"showMaterialUpdate":true,"showSkybox":true,"showFlares":true,"showImageEffects":true,"showParticleSystems":true},"in2DMode":false,"pivot":{"x":-0.854421854019165,"y":2.011341094970703,"z":1.4548144340515137},"rotation":{"x":0.14336442947387696,"y":-0.509895920753479,"z":0.08663670718669892,"w":0.8437694311141968},"size":10.531169891357422,"orthographic":false}