{"cameraMode":{"drawMode":0,"name":"Shaded","section":"Shading Mode"},"sceneLighting":false,"audioPlay":false,"sceneViewState":{"showFog":true,"showMaterialUpdate":true,"showSkybox":true,"showFlares":true,"showImageEffects":true,"showParticleSystems":true},"in2DMode":false,"pivot":{"x":-3.2352309226989748,"y":0.719404935836792,"z":2.048436164855957},"rotation":{"x":0.3240751326084137,"y":-0.03743113577365875,"z":0.012834168039262295,"w":0.945203423500061},"size":17.090539932250978,"orthographic":false}