{"cameraMode":{"drawMode":0,"name":"Shaded","section":"Shading Mode"},"sceneLighting":false,"audioPlay":false,"sceneViewState":{"showFog":true,"showMaterialUpdate":false,"showSkybox":true,"showFlares":true,"showImageEffects":true,"showParticleSystems":true},"in2DMode":false,"pivot":{"x":0.9376689791679382,"y":1.0730774402618409,"z":4.26842737197876},"rotation":{"x":-0.06442940980195999,"y":-0.028435757383704187,"z":0.001836551702581346,"w":-0.9975153803825378},"size":15.982654571533204,"orthographic":false}