{"cameraMode":{"drawMode":0,"name":"Shaded","section":"Shading Mode"},"sceneLighting":false,"audioPlay":false,"sceneViewState":{"showFog":true,"showMaterialUpdate":true,"showSkybox":true,"showFlares":true,"showImageEffects":true,"showParticleSystems":true},"in2DMode":false,"pivot":{"x":4.528648376464844,"y":-7.172184467315674,"z":9.618815422058106},"rotation":{"x":0.1879606693983078,"y":0.3272784650325775,"z":-0.06659624725580216,"w":0.9236474633216858},"size":19.40620231628418,"orthographic":false}