{"cameraMode":{"drawMode":0,"name":"Shaded","section":"Shading Mode"},"sceneLighting":false,"audioPlay":false,"sceneViewState":{"showFog":true,"showMaterialUpdate":true,"showSkybox":true,"showFlares":true,"showImageEffects":true,"showParticleSystems":true},"in2DMode":false,"pivot":{"x":-0.23762142658233643,"y":1.0114238262176514,"z":4.962891101837158},"rotation":{"x":0.03745478019118309,"y":-0.42512229084968569,"z":0.017609331756830217,"w":0.9041892290115356},"size":8.351587295532227,"orthographic":false}