{"cameraMode":{"drawMode":0,"name":"Shaded","section":"Shading Mode"},"sceneLighting":false,"audioPlay":false,"sceneViewState":{"showFog":true,"showMaterialUpdate":false,"showSkybox":true,"showFlares":true,"showImageEffects":true,"showParticleSystems":true},"in2DMode":false,"pivot":{"x":445.9062194824219,"y":226.85400390625,"z":-18.98381996154785},"rotation":{"x":-0.01049952395260334,"y":-0.010498091578483582,"z":0.0001101268280763179,"w":-0.9998898506164551},"size":468.62750244140627,"orthographic":false}