{"cameraMode":{"drawMode":0,"name":"Shaded","section":"Shading Mode"},"sceneLighting":false,"audioPlay":false,"sceneViewState":{"showFog":true,"showMaterialUpdate":true,"showSkybox":true,"showFlares":true,"showImageEffects":true,"showParticleSystems":true},"in2DMode":false,"pivot":{"x":-9.123693466186524,"y":-20.365015029907228,"z":6.792178630828857},"rotation":{"x":0.4563142657279968,"y":-0.31340548396110537,"z":0.17567595839500428,"w":0.8140591979026794},"size":31.384132385253908,"orthographic":false}