{"cameraMode":{"drawMode":0,"name":"Shaded","section":"Shading Mode"},"sceneLighting":false,"audioPlay":false,"sceneViewState":{"showFog":true,"showMaterialUpdate":true,"showSkybox":true,"showFlares":true,"showImageEffects":true,"showParticleSystems":true},"in2DMode":false,"pivot":{"x":1.3112905025482178,"y":-0.8835718631744385,"z":-0.8965702056884766},"rotation":{"x":0.15865914523601533,"y":0.28522011637687685,"z":-0.04793701320886612,"w":0.9440227150917053},"size":7.161457061767578,"orthographic":false}