{"cameraMode":{"drawMode":0,"name":"Shaded","section":"Shading Mode"},"sceneLighting":false,"audioPlay":false,"sceneViewState":{"showFog":true,"showMaterialUpdate":true,"showSkybox":true,"showFlares":true,"showImageEffects":true,"showParticleSystems":true},"in2DMode":false,"pivot":{"x":2.384185791015625e-7,"y":2.694929838180542,"z":-0.00418853759765625},"rotation":{"x":-0.15835268795490266,"y":0.059796132147312167,"z":-0.009607388637959957,"w":-0.985523521900177},"size":32.288543701171878,"orthographic":false}