{"cameraMode":{"drawMode":0,"name":"Shaded","section":"Shading Mode"},"sceneLighting":false,"audioPlay":false,"sceneViewState":{"showFog":true,"showMaterialUpdate":true,"showSkybox":true,"showFlares":true,"showImageEffects":true,"showParticleSystems":true},"in2DMode":false,"pivot":{"x":0.48347043991088869,"y":-8.055869102478028,"z":10.487234115600586},"rotation":{"x":-0.38156917691230776,"y":0.0871264711022377,"z":-0.03615959733724594,"w":-0.9195142984390259},"size":24.953449249267579,"orthographic":false}