{"cameraMode":{"drawMode":0,"name":"Shaded","section":"Shading Mode"},"sceneLighting":false,"audioPlay":false,"sceneViewState":{"showFog":true,"showMaterialUpdate":true,"showSkybox":true,"showFlares":true,"showImageEffects":true,"showParticleSystems":true},"in2DMode":false,"pivot":{"x":-0.3183780312538147,"y":-11.906477928161621,"z":11.362077713012696},"rotation":{"x":-0.39983367919921877,"y":-0.004150653723627329,"z":0.0018059606663882733,"w":-0.9165765643119812},"size":26.758337020874025,"orthographic":false}