{"cameraMode":{"drawMode":0,"name":"Shaded","section":"Shading Mode"},"sceneLighting":false,"audioPlay":false,"sceneViewState":{"showFog":true,"showMaterialUpdate":true,"showSkybox":true,"showFlares":true,"showImageEffects":true,"showParticleSystems":true},"in2DMode":false,"pivot":{"x":470.2541198730469,"y":287.1499938964844,"z":-1.571174144744873},"rotation":{"x":0.09795701503753662,"y":-0.5954615473747253,"z":0.07346802204847336,"w":0.7939977645874023},"size":1845.2548828125,"orthographic":false}