{"cameraMode":{"drawMode":0,"name":"Shaded","section":"Shading Mode"},"sceneLighting":false,"audioPlay":false,"sceneViewState":{"showFog":true,"showMaterialUpdate":true,"showSkybox":true,"showFlares":true,"showImageEffects":true,"showParticleSystems":true},"in2DMode":false,"pivot":{"x":0.3036564886569977,"y":0.7230334281921387,"z":3.295999050140381},"rotation":{"x":0.2843528389930725,"y":0.009223771281540394,"z":-0.002739415504038334,"w":0.958671510219574},"size":16.510635375976564,"orthographic":false}