{"cameraMode":{"drawMode":0,"name":"Shaded","section":"Shading Mode"},"sceneLighting":false,"audioPlay":false,"sceneViewState":{"showFog":true,"showMaterialUpdate":true,"showSkybox":true,"showFlares":true,"showImageEffects":true,"showParticleSystems":true},"in2DMode":false,"pivot":{"x":-1.4098730087280274,"y":4.451674461364746,"z":7.389238357543945},"rotation":{"x":0.01199829950928688,"y":0.024301087483763696,"z":-0.00029155565425753593,"w":0.9996326565742493},"size":29.938961029052736,"orthographic":false}