{"cameraMode":{"drawMode":0,"name":"Shaded","section":"Shading Mode"},"sceneLighting":false,"audioPlay":false,"sceneViewState":{"showFog":true,"showMaterialUpdate":false,"showSkybox":true,"showFlares":true,"showImageEffects":true,"showParticleSystems":true},"in2DMode":false,"pivot":{"x":-24.830821990966798,"y":-36.35020065307617,"z":71.46334075927735},"rotation":{"x":0.13507051765918733,"y":-0.35963892936706545,"z":0.05270020663738251,"w":0.9217583537101746},"size":48.93935012817383,"orthographic":true}