{"cameraMode":{"drawMode":0,"name":"Shaded","section":"Shading Mode"},"sceneLighting":false,"audioPlay":false,"sceneViewState":{"showFog":true,"showMaterialUpdate":true,"showSkybox":true,"showFlares":true,"showImageEffects":true,"showParticleSystems":true},"in2DMode":false,"pivot":{"x":1.3568017482757569,"y":1.820838212966919,"z":2.167271137237549},"rotation":{"x":-0.16180594265460969,"y":0.22143644094467164,"z":-0.037286847829818729,"w":-0.9609341621398926},"size":13.178757667541504,"orthographic":true}