{"cameraMode":{"drawMode":0,"name":"Shaded","section":"Shading Mode"},"sceneLighting":false,"audioPlay":false,"sceneViewState":{"showFog":true,"showMaterialUpdate":true,"showSkybox":true,"showFlares":true,"showImageEffects":true,"showParticleSystems":true},"in2DMode":false,"pivot":{"x":4.142890930175781,"y":-0.7495479583740234,"z":-37.408390045166019},"rotation":{"x":0.03206232935190201,"y":0.8937647938728333,"z":-0.06473225355148316,"w":0.4426807463169098},"size":54.64326858520508,"orthographic":false}