{"cameraMode":{"drawMode":0,"name":"Shaded","section":"Shading Mode"},"sceneLighting":false,"audioPlay":false,"sceneViewState":{"showFog":true,"showMaterialUpdate":true,"showSkybox":true,"showFlares":true,"showImageEffects":true,"showParticleSystems":true},"in2DMode":false,"pivot":{"x":-0.3183780312538147,"y":-11.906477928161621,"z":11.362077713012696},"rotation":{"x":-0.44872450828552248,"y":-0.0027066401671618225,"z":0.0013542708475142718,"w":-0.8936650156974793},"size":32.3002815246582,"orthographic":false}