{"cameraMode":{"drawMode":0,"name":"Shaded","section":"Shading Mode"},"sceneLighting":false,"audioPlay":false,"sceneViewState":{"showFog":true,"showMaterialUpdate":true,"showSkybox":true,"showFlares":true,"showImageEffects":true,"showParticleSystems":true},"in2DMode":false,"pivot":{"x":-7.519999980926514,"y":-1.7000000476837159,"z":-4.460000038146973},"rotation":{"x":0.2196885496377945,"y":0.7237299084663391,"z":-0.2660296857357025,"w":0.5976455807685852},"size":42.57622146606445,"orthographic":false}