{"cameraMode":{"drawMode":0,"name":"Shaded","section":"Shading Mode"},"sceneLighting":false,"audioPlay":false,"sceneViewState":{"showFog":true,"showMaterialUpdate":false,"showSkybox":true,"showFlares":true,"showImageEffects":true,"showParticleSystems":true},"in2DMode":false,"pivot":{"x":-2.6164565086364748,"y":1.1934642791748047,"z":5.891934394836426},"rotation":{"x":0.049433138221502307,"y":-0.043431930243968967,"z":0.0021514156833291055,"w":0.9978303909301758},"size":24.213274002075197,"orthographic":false}