{"cameraMode":{"drawMode":0,"name":"Shaded","section":"Shading Mode"},"sceneLighting":false,"audioPlay":false,"sceneViewState":{"showFog":true,"showMaterialUpdate":true,"showSkybox":true,"showFlares":true,"showImageEffects":true,"showParticleSystems":true},"in2DMode":false,"pivot":{"x":324.3062744140625,"y":215.9456787109375,"z":-37.30636978149414},"rotation":{"x":-0.24495342373847962,"y":0.6726049780845642,"z":-0.25316980481147768,"w":-0.6507729887962341},"size":83.1882553100586,"orthographic":false}