{"cameraMode":{"drawMode":0,"name":"Shaded","section":"Shading Mode"},"sceneLighting":false,"audioPlay":false,"sceneViewState":{"showFog":true,"showMaterialUpdate":true,"showSkybox":true,"showFlares":true,"showImageEffects":true,"showParticleSystems":true},"in2DMode":false,"pivot":{"x":4.542490005493164,"y":4.1357831954956059,"z":22.91071128845215},"rotation":{"x":-0.010566193610429764,"y":-0.22165746986865998,"z":0.0023973805364221336,"w":-0.9750643968582153},"size":28.344417572021486,"orthographic":false}