{"cameraMode":{"drawMode":0,"name":"Shaded","section":"Shading Mode"},"sceneLighting":false,"audioPlay":false,"sceneViewState":{"showFog":true,"showMaterialUpdate":true,"showSkybox":true,"showFlares":true,"showImageEffects":true,"showParticleSystems":true},"in2DMode":false,"pivot":{"x":-3.0855419635772707,"y":-1.4341328144073487,"z":-0.7734279632568359},"rotation":{"x":-0.2498801201581955,"y":0.2816585600376129,"z":-0.07623003423213959,"w":-0.9232645630836487},"size":5.5085954666137699,"orthographic":false}