{"cameraMode":{"drawMode":0,"name":"Shaded","section":"Shading Mode"},"sceneLighting":false,"audioPlay":false,"sceneViewState":{"showFog":true,"showMaterialUpdate":true,"showSkybox":true,"showFlares":true,"showImageEffects":true,"showParticleSystems":true},"in2DMode":false,"pivot":{"x":-19.99415397644043,"y":-8.981668472290039,"z":7.896855354309082},"rotation":{"x":0.2160027027130127,"y":-0.527452826499939,"z":0.14074335992336274,"w":0.8095231056213379},"size":53.4429931640625,"orthographic":false}