{"cameraMode":{"drawMode":0,"name":"Shaded","section":"Shading Mode"},"sceneLighting":false,"audioPlay":false,"sceneViewState":{"showFog":true,"showMaterialUpdate":true,"showSkybox":true,"showFlares":true,"showImageEffects":true,"showParticleSystems":true},"in2DMode":false,"pivot":{"x":-0.4343460500240326,"y":-1.8170788288116456,"z":-2.4942173957824709},"rotation":{"x":-0.6655513048171997,"y":0.014552321285009385,"z":-0.012978593818843365,"w":-0.7460973858833313},"size":1.4034209251403809,"orthographic":true}