{"cameraMode":{"drawMode":0,"name":"Shaded","section":"Shading Mode"},"sceneLighting":false,"audioPlay":false,"sceneViewState":{"showFog":true,"showMaterialUpdate":true,"showSkybox":true,"showFlares":true,"showImageEffects":true,"showParticleSystems":true},"in2DMode":false,"pivot":{"x":-1.4098730087280274,"y":4.451674461364746,"z":7.389238357543945},"rotation":{"x":0.004501803312450647,"y":-0.008694791235029698,"z":0.00003938174995710142,"w":0.9999520778656006},"size":16.689485549926759,"orthographic":false}