{"cameraMode":{"drawMode":0,"name":"Shaded","section":"Shading Mode"},"sceneLighting":false,"audioPlay":false,"sceneViewState":{"showFog":true,"showMaterialUpdate":true,"showSkybox":true,"showFlares":true,"showImageEffects":true,"showParticleSystems":true},"in2DMode":false,"pivot":{"x":2.598487377166748,"y":-3.289060592651367,"z":-2.378462553024292},"rotation":{"x":-0.721190333366394,"y":-0.016630973666906358,"z":0.017323920503258706,"w":-0.6923206448554993},"size":26.209747314453126,"orthographic":false}