{"cameraMode":{"drawMode":0,"name":"Shaded","section":"Shading Mode"},"sceneLighting":false,"audioPlay":false,"sceneViewState":{"showFog":true,"showMaterialUpdate":true,"showSkybox":true,"showFlares":true,"showImageEffects":true,"showParticleSystems":true},"in2DMode":false,"pivot":{"x":495.6026916503906,"y":166.66915893554688,"z":-130.22019958496095},"rotation":{"x":0.14426307380199433,"y":-0.6598734855651856,"z":0.13119466602802277,"w":0.7256330251693726},"size":26.572704315185548,"orthographic":false}