{"cameraMode":{"drawMode":0,"name":"Shaded","section":"Shading Mode"},"sceneLighting":false,"audioPlay":false,"sceneViewState":{"showFog":true,"showMaterialUpdate":false,"showSkybox":true,"showFlares":true,"showImageEffects":true,"showParticleSystems":true},"in2DMode":false,"pivot":{"x":83.69992065429688,"y":-36.19597244262695,"z":80.54336547851563},"rotation":{"x":-0.15918083488941194,"y":-0.387256920337677,"z":0.06807148456573487,"w":-0.9055715203285217},"size":173.0245361328125,"orthographic":false}