{"cameraMode":{"drawMode":0,"name":"Shaded","section":"Shading Mode"},"sceneLighting":false,"audioPlay":false,"sceneViewState":{"showFog":true,"showMaterialUpdate":true,"showSkybox":true,"showFlares":true,"showImageEffects":true,"showParticleSystems":true},"in2DMode":false,"pivot":{"x":6.454694747924805,"y":-1.6810390949249268,"z":2.7620010375976564},"rotation":{"x":0.18402472138404847,"y":0.5713902711868286,"z":-0.1333346962928772,"w":0.7885873317718506},"size":31.261993408203126,"orthographic":false}