{"cameraMode":{"drawMode":0,"name":"Shaded","section":"Shading Mode"},"sceneLighting":false,"audioPlay":false,"sceneViewState":{"showFog":true,"showMaterialUpdate":true,"showSkybox":true,"showFlares":true,"showImageEffects":true,"showParticleSystems":true},"in2DMode":false,"pivot":{"x":-0.13499879837036134,"y":-1.7099990844726563,"z":-3.15000057220459},"rotation":{"x":0.2822705805301666,"y":0.16729983687400819,"z":-0.050057779997587207,"w":0.9433071613311768},"size":20.130531311035158,"orthographic":false}