{"cameraMode":{"drawMode":0,"name":"Shaded","section":"Shading Mode"},"sceneLighting":false,"audioPlay":false,"sceneViewState":{"showFog":true,"showMaterialUpdate":true,"showSkybox":true,"showFlares":true,"showImageEffects":true,"showParticleSystems":true},"in2DMode":false,"pivot":{"x":-0.7071049809455872,"y":0.9797258377075195,"z":10.949170112609864},"rotation":{"x":0.15537652373313905,"y":-0.003546606982126832,"z":0.0005567510961554945,"w":0.9878488183021545},"size":27.403179168701173,"orthographic":false}