{"cameraMode":{"drawMode":0,"name":"Shaded","section":"Shading Mode"},"sceneLighting":false,"audioPlay":false,"sceneViewState":{"showFog":true,"showMaterialUpdate":true,"showSkybox":true,"showFlares":true,"showImageEffects":true,"showParticleSystems":true},"in2DMode":false,"pivot":{"x":549.5345458984375,"y":2.292243719100952,"z":-122.87006378173828},"rotation":{"x":0.2722190320491791,"y":0.24012379348278047,"z":-0.07035407423973084,"w":0.9291328191757202},"size":5.501662254333496,"orthographic":false}