{"cameraMode":{"drawMode":0,"name":"Shaded","section":"Shading Mode"},"sceneLighting":false,"audioPlay":false,"sceneViewState":{"showFog":true,"showMaterialUpdate":false,"showSkybox":true,"showFlares":true,"showImageEffects":true,"showParticleSystems":true},"in2DMode":false,"pivot":{"x":-0.7945721745491028,"y":2.47617244720459,"z":4.013181209564209},"rotation":{"x":-0.06442940980195999,"y":-0.028435757383704187,"z":0.001836551702581346,"w":-0.9975153803825378},"size":9.414319038391114,"orthographic":false}