{"cameraMode":{"drawMode":0,"name":"Shaded","section":"Shading Mode"},"sceneLighting":false,"audioPlay":false,"sceneViewState":{"showFog":true,"showMaterialUpdate":false,"showSkybox":true,"showFlares":true,"showImageEffects":true,"showParticleSystems":true},"in2DMode":false,"pivot":{"x":414.4903259277344,"y":177.09707641601563,"z":-0.000003814697265625},"rotation":{"x":-0.03599027544260025,"y":-0.005994446575641632,"z":0.000214554529520683,"w":-0.9993342161178589},"size":643.905517578125,"orthographic":false}