{"cameraMode":{"drawMode":0,"name":"Shaded","section":"Shading Mode"},"sceneLighting":false,"audioPlay":false,"sceneViewState":{"showFog":true,"showMaterialUpdate":true,"showSkybox":true,"showFlares":true,"showImageEffects":true,"showParticleSystems":true},"in2DMode":false,"pivot":{"x":0.3238525390625,"y":3.20538330078125,"z":0.7039642333984375},"rotation":{"x":0.09219793975353241,"y":0.03882448747754097,"z":-0.003598293289542198,"w":0.9949770569801331},"size":36.04945373535156,"orthographic":false}