{"cameraMode":{"drawMode":0,"name":"Shaded","section":"Shading Mode"},"sceneLighting":false,"audioPlay":false,"sceneViewState":{"showFog":true,"showMaterialUpdate":true,"showSkybox":true,"showFlares":true,"showImageEffects":true,"showParticleSystems":true},"in2DMode":false,"pivot":{"x":4.985426425933838,"y":3.216097831726074,"z":2.31392240524292},"rotation":{"x":0.09510926902294159,"y":0.3886241614818573,"z":-0.04037106782197952,"w":0.9155848622322083},"size":25.021591186523439,"orthographic":false}