{"cameraMode":{"drawMode":0,"name":"Shaded","section":"Shading Mode"},"sceneLighting":false,"audioPlay":false,"sceneViewState":{"showFog":true,"showMaterialUpdate":true,"showSkybox":true,"showFlares":true,"showImageEffects":true,"showParticleSystems":true},"in2DMode":false,"pivot":{"x":0.0,"y":2.700000286102295,"z":4.476140022277832},"rotation":{"x":0.2822705805301666,"y":0.16729983687400819,"z":-0.050057779997587207,"w":0.9433071613311768},"size":18.91242790222168,"orthographic":false}