{"cameraMode":{"drawMode":0,"name":"Shaded","section":"Shading Mode"},"sceneLighting":false,"audioPlay":false,"sceneViewState":{"showFog":true,"showMaterialUpdate":true,"showSkybox":true,"showFlares":true,"showImageEffects":true,"showParticleSystems":true},"in2DMode":false,"pivot":{"x":392.8902893066406,"y":262.8760681152344,"z":-16.090505599975587},"rotation":{"x":0.24136340618133546,"y":-0.6175886988639832,"z":0.2072419971227646,"w":0.7192904353141785},"size":-1.0974297523498536,"orthographic":false}