{"cameraMode":{"drawMode":0,"name":"Shaded","section":"Shading Mode"},"sceneLighting":false,"audioPlay":false,"sceneViewState":{"showFog":true,"showMaterialUpdate":true,"showSkybox":true,"showFlares":true,"showImageEffects":true,"showParticleSystems":true},"in2DMode":false,"pivot":{"x":-7.272462844848633,"y":-2.414686441421509,"z":9.981449127197266},"rotation":{"x":-0.13528059422969819,"y":0.19188818335533143,"z":-0.026719870045781137,"w":-0.9716811180114746},"size":29.637052536010743,"orthographic":false}