{"cameraMode":{"drawMode":0,"name":"Shaded","section":"Shading Mode"},"sceneLighting":false,"audioPlay":false,"sceneViewState":{"showFog":true,"showMaterialUpdate":true,"showSkybox":true,"showFlares":true,"showImageEffects":true,"showParticleSystems":true},"in2DMode":false,"pivot":{"x":0.0,"y":2.662727117538452,"z":2.384185791015625e-7},"rotation":{"x":0.30440813302993777,"y":-0.33050721883773806,"z":0.11353857815265656,"w":0.8861205577850342},"size":32.321434020996097,"orthographic":false}