{"cameraMode":{"drawMode":0,"name":"Shaded","section":"Shading Mode"},"sceneLighting":false,"audioPlay":false,"sceneViewState":{"showFog":true,"showMaterialUpdate":false,"showSkybox":true,"showFlares":true,"showImageEffects":true,"showParticleSystems":true},"in2DMode":false,"pivot":{"x":-1.2692060470581055,"y":1.31451416015625,"z":4.183935165405273},"rotation":{"x":-0.06442940980195999,"y":-0.028435757383704187,"z":0.001836551702581346,"w":-0.9975153803825378},"size":7.773011207580566,"orthographic":false}