{"cameraMode":{"drawMode":0,"name":"Shaded","section":"Shading Mode"},"sceneLighting":false,"audioPlay":false,"sceneViewState":{"showFog":true,"showMaterialUpdate":true,"showSkybox":true,"showFlares":true,"showImageEffects":true,"showParticleSystems":true},"in2DMode":false,"pivot":{"x":0.9354438781738281,"y":3.876462459564209,"z":-2.7502365112304689},"rotation":{"x":0.19558659195899964,"y":0.10511130094528198,"z":-0.021090678870677949,"w":0.9748090505599976},"size":22.0,"orthographic":false}