{"cameraMode":{"drawMode":0,"name":"Shaded","section":"Shading Mode"},"sceneLighting":false,"audioPlay":false,"sceneViewState":{"showFog":true,"showMaterialUpdate":false,"showSkybox":true,"showFlares":true,"showImageEffects":true,"showParticleSystems":true},"in2DMode":false,"pivot":{"x":498.32379150390627,"y":193.3153076171875,"z":-4.2196044921875},"rotation":{"x":-0.1516578048467636,"y":-0.09768141806125641,"z":0.015062294900417328,"w":-0.9834792613983154},"size":682.9990844726563,"orthographic":false}