{"cameraMode":{"drawMode":0,"name":"Shaded","section":"Shading Mode"},"sceneLighting":false,"audioPlay":false,"sceneViewState":{"showFog":true,"showMaterialUpdate":true,"showSkybox":true,"showFlares":true,"showImageEffects":true,"showParticleSystems":true},"in2DMode":false,"pivot":{"x":-0.385009765625,"y":-0.9033203125,"z":5.9736328125},"rotation":{"x":0.36215174198150637,"y":-0.0795549675822258,"z":0.031039675697684289,"w":0.9281992316246033},"size":7.814621448516846,"orthographic":true}