{"cameraMode":{"drawMode":0,"name":"Shaded","section":"Shading Mode"},"sceneLighting":false,"audioPlay":false,"sceneViewState":{"showFog":true,"showMaterialUpdate":false,"showSkybox":true,"showFlares":true,"showImageEffects":true,"showParticleSystems":true},"in2DMode":false,"pivot":{"x":4.406357765197754,"y":-58.13569259643555,"z":108.64592742919922},"rotation":{"x":-0.24788883328437806,"y":0.005230112466961145,"z":-0.0013391153188422323,"w":-0.9687734842300415},"size":139.04502868652345,"orthographic":false}