{"cameraMode":{"drawMode":0,"name":"Shaded","section":"Shading Mode"},"sceneLighting":false,"audioPlay":false,"sceneViewState":{"showFog":true,"showMaterialUpdate":true,"showSkybox":true,"showFlares":true,"showImageEffects":true,"showParticleSystems":true},"in2DMode":false,"pivot":{"x":-0.457886278629303,"y":2.4167122840881349,"z":-4.436025142669678},"rotation":{"x":-0.04018872231245041,"y":-0.1744779348373413,"z":0.007124049123376608,"w":-0.9838148355484009},"size":8.817214965820313,"orthographic":false}