{"cameraMode":{"drawMode":0,"name":"Shaded","section":"Shading Mode"},"sceneLighting":false,"audioPlay":false,"sceneViewState":{"showFog":true,"showMaterialUpdate":true,"showSkybox":true,"showFlares":true,"showImageEffects":true,"showParticleSystems":true},"in2DMode":false,"pivot":{"x":-0.3199999928474426,"y":-1.7100000381469727,"z":-3.1500000953674318},"rotation":{"x":-0.20488892495632173,"y":0.09378516674041748,"z":-0.019727572798728944,"w":-0.9740819931030273},"size":0.9860327839851379,"orthographic":false}