{"cameraMode":{"drawMode":0,"name":"Shaded","section":"Shading Mode"},"sceneLighting":false,"audioPlay":false,"sceneViewState":{"showFog":true,"showMaterialUpdate":true,"showSkybox":true,"showFlares":true,"showImageEffects":true,"showParticleSystems":true},"in2DMode":false,"pivot":{"x":-0.854421854019165,"y":2.011341094970703,"z":1.4548144340515137},"rotation":{"x":-0.09316685795783997,"y":-0.019430818036198617,"z":0.0018180517945438624,"w":-0.995459258556366},"size":13.174488067626954,"orthographic":false}