{"cameraMode":{"drawMode":0,"name":"Shaded","section":"Shading Mode"},"sceneLighting":false,"audioPlay":false,"sceneViewState":{"showFog":true,"showMaterialUpdate":false,"showSkybox":true,"showFlares":true,"showImageEffects":true,"showParticleSystems":true},"in2DMode":false,"pivot":{"x":-1.2687225341796876,"y":68.8427734375,"z":13.6669921875},"rotation":{"x":-0.7740267515182495,"y":0.029383257031440736,"z":-0.03601820766925812,"w":-0.6314443945884705},"size":2.2914509773254396,"orthographic":true}