{"cameraMode":{"drawMode":0,"name":"Shaded","section":"Shading Mode"},"sceneLighting":false,"audioPlay":false,"sceneViewState":{"showFog":true,"showMaterialUpdate":true,"showSkybox":true,"showFlares":true,"showImageEffects":true,"showParticleSystems":true},"in2DMode":false,"pivot":{"x":-0.19944722950458527,"y":-0.15761947631835938,"z":-0.5659583806991577},"rotation":{"x":0.6571230888366699,"y":0.002716269576922059,"z":-0.0023669556248933079,"w":0.7537747025489807},"size":8.966168403625489,"orthographic":false}