{"cameraMode":{"drawMode":0,"name":"Shaded","section":"Shading Mode"},"sceneLighting":false,"audioPlay":false,"sceneViewState":{"showFog":true,"showMaterialUpdate":true,"showSkybox":true,"showFlares":true,"showImageEffects":true,"showParticleSystems":true},"in2DMode":false,"pivot":{"x":0.04600691795349121,"y":0.4042283296585083,"z":-0.5661273002624512},"rotation":{"x":-0.20882868766784669,"y":0.660972535610199,"z":-0.19927477836608888,"w":-0.6926726698875427},"size":5.4255170822143559,"orthographic":false}