{"cameraMode":{"drawMode":0,"name":"Shaded","section":"Shading Mode"},"sceneLighting":false,"audioPlay":false,"sceneViewState":{"showFog":true,"showMaterialUpdate":true,"showSkybox":true,"showFlares":true,"showImageEffects":true,"showParticleSystems":true},"in2DMode":false,"pivot":{"x":0.0,"y":-0.09811365604400635,"z":-0.3068430423736572},"rotation":{"x":0.01848096214234829,"y":-0.5701772570610046,"z":0.012831613421440125,"w":0.8212136030197144},"size":4.825516700744629,"orthographic":true}