{"cameraMode":{"drawMode":0,"name":"Shaded","section":"Shading Mode"},"sceneLighting":false,"audioPlay":false,"sceneViewState":{"showFog":true,"showMaterialUpdate":true,"showSkybox":true,"showFlares":true,"showImageEffects":true,"showParticleSystems":true},"in2DMode":false,"pivot":{"x":-7.0418195724487309,"y":-21.611587524414064,"z":26.6422119140625},"rotation":{"x":0.2865481674671173,"y":-0.21518442034721375,"z":0.06621259450912476,"w":0.931236743927002},"size":62.00266647338867,"orthographic":false}