{"cameraMode":{"drawMode":0,"name":"Shaded","section":"Shading Mode"},"sceneLighting":false,"audioPlay":false,"sceneViewState":{"showFog":true,"showMaterialUpdate":true,"showSkybox":true,"showFlares":true,"showImageEffects":true,"showParticleSystems":true},"in2DMode":false,"pivot":{"x":-2.911020278930664,"y":-2.7567291259765627,"z":8.795379638671875},"rotation":{"x":0.01206300314515829,"y":-0.44892558455467226,"z":-0.006060597021132708,"w":-0.8934672474861145},"size":22.0,"orthographic":false}