{"cameraMode":{"drawMode":0,"name":"Shaded","section":"Shading Mode"},"sceneLighting":false,"audioPlay":false,"sceneViewState":{"showFog":true,"showMaterialUpdate":false,"showSkybox":true,"showFlares":true,"showImageEffects":true,"showParticleSystems":true},"in2DMode":false,"pivot":{"x":433.468017578125,"y":311.8297424316406,"z":-1.581957221031189},"rotation":{"x":-0.019496651366353036,"y":0.007500046398490667,"z":-0.00014723472122568637,"w":-0.9997817873954773},"size":660.2813720703125,"orthographic":false}