{"cameraMode":{"drawMode":0,"name":"Shaded","section":"Shading Mode"},"sceneLighting":false,"audioPlay":false,"sceneViewState":{"showFog":true,"showMaterialUpdate":true,"showSkybox":true,"showFlares":true,"showImageEffects":true,"showParticleSystems":true},"in2DMode":false,"pivot":{"x":499.260009765625,"y":272.5840148925781,"z":2.384185791015625e-7},"rotation":{"x":0.08712820708751679,"y":-0.6864067316055298,"z":0.08339250087738037,"w":0.7171472907066345},"size":1929.100341796875,"orthographic":false}