{"cameraMode":{"drawMode":0,"name":"Shaded","section":"Shading Mode"},"sceneLighting":false,"audioPlay":false,"sceneViewState":{"showFog":true,"showMaterialUpdate":true,"showSkybox":true,"showFlares":true,"showImageEffects":true,"showParticleSystems":true},"in2DMode":false,"pivot":{"x":375.7491455078125,"y":205.13816833496095,"z":2.384185791015625e-7},"rotation":{"x":0.2822705805301666,"y":0.16729983687400819,"z":-0.050057779997587207,"w":0.9433071613311768},"size":1437.275146484375,"orthographic":false}