{"cameraMode":{"drawMode":0,"name":"Shaded","section":"Shading Mode"},"sceneLighting":false,"audioPlay":false,"sceneViewState":{"showFog":true,"showMaterialUpdate":true,"showSkybox":true,"showFlares":true,"showImageEffects":true,"showParticleSystems":true},"in2DMode":false,"pivot":{"x":1.3681602478027344,"y":-5.0372161865234379,"z":5.746580123901367},"rotation":{"x":0.2637134790420532,"y":0.3179606795310974,"z":-0.09254850447177887,"w":0.9059752225875855},"size":35.67512893676758,"orthographic":false}