{"cameraMode":{"drawMode":0,"name":"Shaded","section":"Shading Mode"},"sceneLighting":false,"audioPlay":false,"sceneViewState":{"showFog":true,"showMaterialUpdate":true,"showSkybox":true,"showFlares":true,"showImageEffects":true,"showParticleSystems":true},"in2DMode":false,"pivot":{"x":43.81429672241211,"y":-30.651838302612306,"z":72.80339050292969},"rotation":{"x":0.18053299188613892,"y":0.27700093388557436,"z":-0.053071048110723498,"w":0.942264199256897},"size":108.95841979980469,"orthographic":false}