{"cameraMode":{"drawMode":0,"name":"Shaded","section":"Shading Mode"},"sceneLighting":false,"audioPlay":false,"sceneViewState":{"showFog":true,"showMaterialUpdate":false,"showSkybox":true,"showFlares":true,"showImageEffects":true,"showParticleSystems":true},"in2DMode":false,"pivot":{"x":834.3373413085938,"y":-2525.9267578125,"z":5442.0732421875},"rotation":{"x":0.23893022537231446,"y":0.04279522970318794,"z":-0.010540850460529328,"w":0.9700360298156738},"size":11693.7119140625,"orthographic":false}