{"cameraMode":{"drawMode":0,"name":"Shaded","section":"Shading Mode"},"sceneLighting":false,"audioPlay":false,"sceneViewState":{"showFog":true,"showMaterialUpdate":true,"showSkybox":true,"showFlares":true,"showImageEffects":true,"showParticleSystems":true},"in2DMode":false,"pivot":{"x":-3.606818914413452,"y":-8.125072479248047,"z":10.420721054077149},"rotation":{"x":-0.2952045500278473,"y":0.06297232955694199,"z":-0.01950800232589245,"w":-0.9531570076942444},"size":27.3076229095459,"orthographic":false}