{"cameraMode":{"drawMode":0,"name":"Shaded","section":"Shading Mode"},"sceneLighting":false,"audioPlay":false,"sceneViewState":{"showFog":true,"showMaterialUpdate":true,"showSkybox":true,"showFlares":true,"showImageEffects":true,"showParticleSystems":true},"in2DMode":false,"pivot":{"x":3313.016845703125,"y":371.73980712890627,"z":-0.2488877773284912},"rotation":{"x":0.07590066641569138,"y":-0.6880381107330322,"z":0.07273191213607788,"w":0.7180200219154358},"size":4.357884883880615,"orthographic":false}