{"cameraMode":{"drawMode":0,"name":"Shaded","section":"Shading Mode"},"sceneLighting":false,"audioPlay":false,"sceneViewState":{"showFog":true,"showMaterialUpdate":false,"showSkybox":true,"showFlares":true,"showImageEffects":true,"showParticleSystems":true},"in2DMode":false,"pivot":{"x":0.014569520950317383,"y":-1.6525721549987794,"z":0.1356358528137207},"rotation":{"x":-0.4497219920158386,"y":-0.012057116255164147,"z":0.006071619689464569,"w":-0.8930665850639343},"size":27.563697814941408,"orthographic":false}