{"cameraMode":{"drawMode":0,"name":"Shaded","section":"Shading Mode"},"sceneLighting":true,"audioPlay":false,"sceneViewState":{"showFog":true,"showMaterialUpdate":false,"showSkybox":true,"showFlares":true,"showImageEffects":true,"showParticleSystems":true},"in2DMode":false,"pivot":{"x":1.287494421005249,"y":0.017980098724365236,"z":-0.7449460029602051},"rotation":{"x":0.2259472906589508,"y":0.026298651471734048,"z":-0.006100884638726711,"w":0.9737653732299805},"size":8.86557674407959,"orthographic":false}