{"cameraMode":{"drawMode":0,"name":"Shaded","section":"Shading Mode"},"sceneLighting":false,"audioPlay":false,"sceneViewState":{"showFog":true,"showMaterialUpdate":false,"showSkybox":true,"showFlares":true,"showImageEffects":true,"showParticleSystems":true},"in2DMode":false,"pivot":{"x":2.384185791015625e-7,"y":2.6999998092651369,"z":4.5},"rotation":{"x":0.06385321170091629,"y":0.005987696815282106,"z":-0.0003830704663414508,"w":0.997941255569458},"size":19.023038864135743,"orthographic":false}