{"cameraMode":{"drawMode":0,"name":"Shaded","section":"Shading Mode"},"sceneLighting":false,"audioPlay":false,"sceneViewState":{"showFog":true,"showMaterialUpdate":false,"showSkybox":true,"showFlares":true,"showImageEffects":true,"showParticleSystems":true},"in2DMode":false,"pivot":{"x":1.070662498474121,"y":-1.7291921377182007,"z":3.6801929473876955},"rotation":{"x":-0.4497219920158386,"y":-0.012057116255164147,"z":0.006071619689464569,"w":-0.8930665850639343},"size":18.803800582885743,"orthographic":false}