{"cameraMode":{"drawMode":0,"name":"Shaded","section":"Shading Mode"},"sceneLighting":false,"audioPlay":false,"sceneViewState":{"showFog":true,"showMaterialUpdate":false,"showSkybox":true,"showFlares":true,"showImageEffects":true,"showParticleSystems":true},"in2DMode":false,"pivot":{"x":4.157999515533447,"y":-1.7000000476837159,"z":4.76837158203125e-7},"rotation":{"x":-0.2935086488723755,"y":-0.004301784560084343,"z":0.0013207943411543966,"w":-0.9559458494186401},"size":13.949223518371582,"orthographic":false}