{"cameraMode":{"drawMode":0,"name":"Shaded","section":"Shading Mode"},"sceneLighting":false,"audioPlay":false,"sceneViewState":{"showFog":true,"showMaterialUpdate":false,"showSkybox":true,"showFlares":true,"showImageEffects":true,"showParticleSystems":true},"in2DMode":false,"pivot":{"x":0.44318127632141116,"y":2.6993770599365236,"z":-0.8655686378479004},"rotation":{"x":0.21812941133975984,"y":-0.0014639069559052587,"z":0.00032726250356063247,"w":0.975918710231781},"size":35.29887771606445,"orthographic":false}