{"cameraMode":{"drawMode":0,"name":"Shaded","section":"Shading Mode"},"sceneLighting":false,"audioPlay":false,"sceneViewState":{"showFog":true,"showMaterialUpdate":false,"showSkybox":true,"showFlares":true,"showImageEffects":true,"showParticleSystems":true},"in2DMode":false,"pivot":{"x":-1.6962754726409913,"y":2.1662373542785646,"z":-0.6571969985961914},"rotation":{"x":-0.2317858338356018,"y":0.02626097947359085,"z":-0.006259740795940161,"w":-0.972392201423645},"size":13.423850059509278,"orthographic":false}