{"cameraMode":{"drawMode":0,"name":"Shaded","section":"Shading Mode"},"sceneLighting":false,"audioPlay":false,"sceneViewState":{"showFog":true,"showMaterialUpdate":false,"showSkybox":true,"showFlares":true,"showImageEffects":true,"showParticleSystems":true},"in2DMode":false,"pivot":{"x":0.35158729553222659,"y":2.6999998092651369,"z":-1.5711753368377686},"rotation":{"x":0.21812941133975984,"y":-0.0014639069559052587,"z":0.00032726250356063247,"w":0.975918710231781},"size":38.75431442260742,"orthographic":false}