{"cameraMode":{"drawMode":0,"name":"Shaded","section":"Shading Mode"},"sceneLighting":false,"audioPlay":false,"sceneViewState":{"showFog":true,"showMaterialUpdate":false,"showSkybox":true,"showFlares":true,"showImageEffects":true,"showParticleSystems":true},"in2DMode":false,"pivot":{"x":0.0266188383102417,"y":2.712667465209961,"z":4.5},"rotation":{"x":-0.2317858338356018,"y":0.02626097947359085,"z":-0.006259740795940161,"w":-0.972392201423645},"size":15.768139839172364,"orthographic":false}