{"cameraMode":{"drawMode":0,"name":"Shaded","section":"Shading Mode"},"sceneLighting":true,"audioPlay":false,"sceneViewState":{"showFog":true,"showMaterialUpdate":false,"showSkybox":true,"showFlares":true,"showImageEffects":true,"showParticleSystems":true},"in2DMode":false,"pivot":{"x":0.358124315738678,"y":2.390152931213379,"z":-1.2295494079589844},"rotation":{"x":0.2825937271118164,"y":0.004317131359130144,"z":-0.0012706598499789835,"w":0.9592291712760925},"size":13.810871124267579,"orthographic":false}