{"cameraMode":{"drawMode":0,"name":"Shaded","section":"Shading Mode"},"sceneLighting":false,"audioPlay":false,"sceneViewState":{"showFog":true,"showMaterialUpdate":false,"showSkybox":true,"showFlares":true,"showImageEffects":true,"showParticleSystems":true},"in2DMode":false,"pivot":{"x":0.2749258875846863,"y":1.4267059564590455,"z":-0.7090087532997131},"rotation":{"x":-0.1220814511179924,"y":-0.013398594222962857,"z":0.0016482030041515828,"w":-0.9924283027648926},"size":10.746335983276368,"orthographic":false}