{"cameraMode":{"drawMode":0,"name":"Shaded","section":"Shading Mode"},"sceneLighting":false,"audioPlay":false,"sceneViewState":{"showFog":true,"showMaterialUpdate":false,"showSkybox":true,"showFlares":true,"showImageEffects":true,"showParticleSystems":true},"in2DMode":false,"pivot":{"x":2.384185791015625e-7,"y":2.6993770599365236,"z":0.0004267692565917969},"rotation":{"x":0.21812941133975984,"y":-0.0014639069559052587,"z":0.00032726250356063247,"w":0.975918710231781},"size":15.972366333007813,"orthographic":false}