{"cameraMode":{"drawMode":0,"name":"Shaded","section":"Shading Mode"},"sceneLighting":true,"audioPlay":false,"sceneViewState":{"showFog":true,"showMaterialUpdate":false,"showSkybox":true,"showFlares":true,"showImageEffects":true,"showParticleSystems":true},"in2DMode":false,"pivot":{"x":-0.3044010102748871,"y":0.9735903739929199,"z":0.49064716696739199},"rotation":{"x":0.1583222597837448,"y":-0.010366897098720074,"z":0.001663557137362659,"w":0.9873316884040833},"size":13.93549633026123,"orthographic":false}