{"cameraMode":{"drawMode":0,"name":"Shaded","section":"Shading Mode"},"sceneLighting":false,"audioPlay":false,"sceneViewState":{"showFog":true,"showMaterialUpdate":false,"showSkybox":true,"showFlares":true,"showImageEffects":true,"showParticleSystems":true},"in2DMode":false,"pivot":{"x":-0.8384749889373779,"y":0.22599220275878907,"z":1.1036615371704102},"rotation":{"x":-0.35788288712501528,"y":-0.001400618115440011,"z":0.0005368313286453486,"w":-0.9337652921676636},"size":15.148909568786621,"orthographic":false}