{"cameraMode":{"drawMode":0,"name":"Shaded","section":"Shading Mode"},"sceneLighting":false,"audioPlay":false,"sceneViewState":{"showFog":true,"showMaterialUpdate":false,"showSkybox":true,"showFlares":true,"showImageEffects":true,"showParticleSystems":true},"in2DMode":false,"pivot":{"x":-0.5046581625938416,"y":1.4093971252441407,"z":-0.3794593811035156},"rotation":{"x":-0.5264293551445007,"y":0.0025506545789539816,"z":-0.0015792932827025653,"w":-0.8502135872840881},"size":11.30432415008545,"orthographic":false}