{"cameraMode":{"drawMode":0,"name":"Shaded","section":"Shading Mode"},"sceneLighting":false,"audioPlay":false,"sceneViewState":{"showFog":true,"showMaterialUpdate":false,"showSkybox":true,"showFlares":true,"showImageEffects":true,"showParticleSystems":true},"in2DMode":false,"pivot":{"x":2.384185791015625e-7,"y":2.6999998092651369,"z":0.00042748451232910156},"rotation":{"x":0.2019755095243454,"y":-0.014690250158309937,"z":0.003029916435480118,"w":0.9792757034301758},"size":19.8538818359375,"orthographic":false}