{"cameraMode":{"drawMode":0,"name":"Shaded","section":"Shading Mode"},"sceneLighting":false,"audioPlay":false,"sceneViewState":{"showFog":true,"showMaterialUpdate":false,"showSkybox":true,"showFlares":true,"showImageEffects":true,"showParticleSystems":true},"in2DMode":false,"pivot":{"x":-0.266043484210968,"y":0.5603886842727661,"z":-1.933555245399475},"rotation":{"x":0.29773467779159548,"y":-0.021477261558175088,"z":0.00670021865516901,"w":0.9543835520744324},"size":5.292984962463379,"orthographic":false}