{"cameraMode":{"drawMode":0,"name":"Shaded","section":"Shading Mode"},"sceneLighting":false,"audioPlay":false,"sceneViewState":{"showFog":true,"showMaterialUpdate":false,"showSkybox":true,"showFlares":true,"showImageEffects":true,"showParticleSystems":true},"in2DMode":false,"pivot":{"x":2.384185791015625e-7,"y":2.6993770599365236,"z":0.0004267692565917969},"rotation":{"x":0.10778915137052536,"y":0.0029828776605427267,"z":-0.0003223760868422687,"w":0.994169294834137},"size":14.74544906616211,"orthographic":false}