{"cameraMode":{"drawMode":0,"name":"Shaded","section":"Shading Mode"},"sceneLighting":false,"audioPlay":false,"sceneViewState":{"showFog":true,"showMaterialUpdate":false,"showSkybox":true,"showFlares":true,"showImageEffects":true,"showParticleSystems":true},"in2DMode":false,"pivot":{"x":1.3696092367172242,"y":1.8962373733520508,"z":-0.018716812133789064},"rotation":{"x":0.20931464433670045,"y":0.014667094685137272,"z":-0.0031399615108966829,"w":0.9777332544326782},"size":14.599925994873047,"orthographic":false}