{"cameraMode":{"drawMode":0,"name":"Shaded","section":"Shading Mode"},"sceneLighting":false,"audioPlay":false,"sceneViewState":{"showFog":true,"showMaterialUpdate":false,"showSkybox":true,"showFlares":true,"showImageEffects":true,"showParticleSystems":true},"in2DMode":false,"pivot":{"x":0.4980888068675995,"y":1.9492794275283814,"z":-0.3391037881374359},"rotation":{"x":-0.1907917559146881,"y":-0.01766829751431942,"z":0.0034346203319728376,"w":-0.9814655780792236},"size":14.495443344116211,"orthographic":false}