{"cameraMode":{"drawMode":0,"name":"Shaded","section":"Shading Mode"},"sceneLighting":true,"audioPlay":false,"sceneViewState":{"showFog":true,"showMaterialUpdate":false,"showSkybox":true,"showFlares":true,"showImageEffects":true,"showParticleSystems":true},"in2DMode":false,"pivot":{"x":-0.8506718277931213,"y":-0.3538457751274109,"z":-1.120248556137085},"rotation":{"x":0.25949567556381228,"y":5.829574547533412e-7,"z":0.0000010360706710343948,"w":0.9657443165779114},"size":19.05582618713379,"orthographic":false}