{"cameraMode":{"drawMode":0,"name":"Shaded","section":"Shading Mode"},"sceneLighting":false,"audioPlay":false,"sceneViewState":{"showFog":true,"showMaterialUpdate":false,"showSkybox":true,"showFlares":true,"showImageEffects":true,"showParticleSystems":true},"in2DMode":false,"pivot":{"x":0.5735536813735962,"y":-2.2792246341705324,"z":-1.4639204740524293},"rotation":{"x":0.17548461258411408,"y":0.0014767104294151068,"z":-0.0002632205141708255,"w":0.9844810962677002},"size":11.656442642211914,"orthographic":true}