{"cameraMode":{"drawMode":0,"name":"Shaded","section":"Shading Mode"},"sceneLighting":true,"audioPlay":false,"sceneViewState":{"showFog":true,"showMaterialUpdate":false,"showSkybox":true,"showFlares":true,"showImageEffects":true,"showParticleSystems":true},"in2DMode":false,"pivot":{"x":2.8585963249206545,"y":-2.891777992248535,"z":-2.5700953006744386},"rotation":{"x":0.49600261449813845,"y":-0.0052091507241129879,"z":0.002976814052090049,"w":0.8683003187179565},"size":11.58842658996582,"orthographic":false}