{"cameraMode":{"drawMode":0,"name":"Shaded","section":"Shading Mode"},"sceneLighting":false,"audioPlay":false,"sceneViewState":{"showFog":true,"showMaterialUpdate":false,"showSkybox":true,"showFlares":true,"showImageEffects":true,"showParticleSystems":true},"in2DMode":false,"pivot":{"x":0.82891845703125,"y":2.7626953125,"z":-0.19921875},"rotation":{"x":0.07282938808202744,"y":-0.010471954010426999,"z":0.0007647479069419205,"w":0.9972891807556152},"size":19.34510612487793,"orthographic":true}