{"cameraMode":{"drawMode":0,"name":"Shaded","section":"Shading Mode"},"sceneLighting":false,"audioPlay":false,"sceneViewState":{"showFog":true,"showMaterialUpdate":false,"showSkybox":true,"showFlares":true,"showImageEffects":true,"showParticleSystems":true},"in2DMode":false,"pivot":{"x":1.2539942264556885,"y":0.4959588050842285,"z":-1.701765537261963},"rotation":{"x":0.34887585043907168,"y":0.011245425790548325,"z":-0.004186704754829407,"w":0.937092125415802},"size":14.57407283782959,"orthographic":false}