{"cameraMode":{"drawMode":0,"name":"Shaded","section":"Shading Mode"},"sceneLighting":false,"audioPlay":false,"sceneViewState":{"showFog":true,"showMaterialUpdate":false,"showSkybox":true,"showFlares":true,"showImageEffects":true,"showParticleSystems":true},"in2DMode":false,"pivot":{"x":0.5735536813735962,"y":-2.2792246341705324,"z":-1.4639204740524293},"rotation":{"x":0.25310957431793215,"y":0.005804574117064476,"z":-0.0015186192467808724,"w":0.9674190282821655},"size":13.365423202514649,"orthographic":false}