{"cameraMode":{"drawMode":0,"name":"Shaded","section":"Shading Mode"},"sceneLighting":false,"audioPlay":false,"sceneViewState":{"showFog":true,"showMaterialUpdate":false,"showSkybox":true,"showFlares":true,"showImageEffects":true,"showParticleSystems":true},"in2DMode":false,"pivot":{"x":0.8742796778678894,"y":0.5221863985061646,"z":-0.5335514545440674},"rotation":{"x":-0.11077018827199936,"y":0.005963084287941456,"z":-0.0006646513938903809,"w":-0.9938279986381531},"size":10.255773544311524,"orthographic":false}