{"cameraMode":{"drawMode":0,"name":"Shaded","section":"Shading Mode"},"sceneLighting":false,"audioPlay":false,"sceneViewState":{"showFog":true,"showMaterialUpdate":false,"showSkybox":true,"showFlares":true,"showImageEffects":true,"showParticleSystems":true},"in2DMode":false,"pivot":{"x":3.432837724685669,"y":-4.349999904632568,"z":-3.5767767429351808},"rotation":{"x":0.49600261449813845,"y":-0.0052091507241129879,"z":0.002976814052090049,"w":0.8683003187179565},"size":1.1160621643066407,"orthographic":false}