{"cameraMode":{"drawMode":0,"name":"Shaded","section":"Shading Mode"},"sceneLighting":false,"audioPlay":false,"sceneViewState":{"showFog":true,"showMaterialUpdate":false,"showSkybox":true,"showFlares":true,"showImageEffects":true,"showParticleSystems":true},"in2DMode":false,"pivot":{"x":0.8564802408218384,"y":2.1185169219970705,"z":-0.5323486328125},"rotation":{"x":0.3191602826118469,"y":0.017057372257113458,"z":-0.005745498463511467,"w":0.9475298523902893},"size":17.752349853515626,"orthographic":false}