{"cameraMode":{"drawMode":0,"name":"Shaded","section":"Shading Mode"},"sceneLighting":false,"audioPlay":false,"sceneViewState":{"showFog":true,"showMaterialUpdate":false,"showSkybox":true,"showFlares":true,"showImageEffects":true,"showParticleSystems":true},"in2DMode":false,"pivot":{"x":0.5735536813735962,"y":-2.2792246341705324,"z":-1.4639204740524293},"rotation":{"x":0.17986133694648744,"y":-0.02360611967742443,"z":0.004317509010434151,"w":0.9833992123603821},"size":13.601871490478516,"orthographic":true}