{"cameraMode":{"drawMode":0,"name":"Shaded","section":"Shading Mode"},"sceneLighting":false,"audioPlay":false,"sceneViewState":{"showFog":true,"showMaterialUpdate":false,"showSkybox":true,"showFlares":true,"showImageEffects":true,"showParticleSystems":true},"in2DMode":false,"pivot":{"x":-0.9583866596221924,"y":-1.2095870971679688,"z":-0.4349241256713867},"rotation":{"x":0.2574414908885956,"y":-0.013044487684965134,"z":0.0034757182002067568,"w":0.9661996364593506},"size":12.255681991577149,"orthographic":false}