{"cameraMode":{"drawMode":0,"name":"Shaded","section":"Shading Mode"},"sceneLighting":false,"audioPlay":false,"sceneViewState":{"showFog":true,"showMaterialUpdate":false,"showSkybox":true,"showFlares":true,"showImageEffects":true,"showParticleSystems":true},"in2DMode":false,"pivot":{"x":-0.013013524934649468,"y":1.6528687477111817,"z":-0.6188746094703674},"rotation":{"x":-0.2860812544822693,"y":-0.040229637175798419,"z":0.01202248316258192,"w":-0.9572850465774536},"size":14.113645553588868,"orthographic":false}