{"cameraMode":{"drawMode":0,"name":"Shaded","section":"Shading Mode"},"sceneLighting":false,"audioPlay":false,"sceneViewState":{"showFog":true,"showMaterialUpdate":false,"showSkybox":true,"showFlares":true,"showImageEffects":true,"showParticleSystems":true},"in2DMode":false,"pivot":{"x":2.384185791015625e-7,"y":2.6045684814453127,"z":-0.003980159759521484},"rotation":{"x":0.11077209562063217,"y":0.0014907682780176402,"z":-0.00016615836648270488,"w":0.993844747543335},"size":18.649532318115236,"orthographic":false}