{"cameraMode":{"drawMode":0,"name":"Shaded","section":"Shading Mode"},"sceneLighting":false,"audioPlay":false,"sceneViewState":{"showFog":true,"showMaterialUpdate":false,"showSkybox":true,"showFlares":true,"showImageEffects":true,"showParticleSystems":true},"in2DMode":false,"pivot":{"x":-0.46000000834465029,"y":-1.600000023841858,"z":-2.4996745586395265},"rotation":{"x":-0.11077018827199936,"y":0.005963084287941456,"z":-0.0006646513938903809,"w":-0.9938279986381531},"size":1.435221791267395,"orthographic":false}