{"cameraMode":{"drawMode":0,"name":"Shaded","section":"Shading Mode"},"sceneLighting":false,"audioPlay":false,"sceneViewState":{"showFog":true,"showMaterialUpdate":false,"showSkybox":true,"showFlares":true,"showImageEffects":true,"showParticleSystems":true},"in2DMode":false,"pivot":{"x":1.3696092367172242,"y":1.8962373733520508,"z":-0.018716812133789064},"rotation":{"x":0.20931465923786164,"y":0.014667095616459847,"z":-0.0031399617437273266,"w":0.977733314037323},"size":14.599925994873047,"orthographic":false}