{"cameraMode":{"drawMode":0,"name":"Shaded","section":"Shading Mode"},"sceneLighting":true,"audioPlay":false,"sceneViewState":{"showFog":true,"showMaterialUpdate":false,"showSkybox":true,"showFlares":true,"showImageEffects":true,"showParticleSystems":true},"in2DMode":false,"pivot":{"x":1.9338276386260987,"y":1.8241186141967774,"z":0.5505285263061523},"rotation":{"x":0.25749120116233828,"y":-0.2319936603307724,"z":0.06383291631937027,"w":0.935843288898468},"size":16.14398765563965,"orthographic":false}