{"cameraMode":{"drawMode":0,"name":"Shaded","section":"Shading Mode"},"sceneLighting":false,"audioPlay":false,"sceneViewState":{"showFog":true,"showMaterialUpdate":false,"showSkybox":true,"showFlares":true,"showImageEffects":true,"showParticleSystems":true},"in2DMode":false,"pivot":{"x":-0.050230979919433597,"y":-1.399999976158142,"z":-3.6792068481445314},"rotation":{"x":-0.11077018827199936,"y":0.005963084287941456,"z":-0.0006646513938903809,"w":-0.9938279986381531},"size":1.000259280204773,"orthographic":false}