{"cameraMode":{"drawMode":0,"name":"Shaded","section":"Shading Mode"},"sceneLighting":false,"audioPlay":false,"sceneViewState":{"showFog":true,"showMaterialUpdate":false,"showSkybox":true,"showFlares":true,"showImageEffects":true,"showParticleSystems":true},"in2DMode":false,"pivot":{"x":0.000030517578125,"y":2.66929292678833,"z":-0.00397944450378418},"rotation":{"x":0.4329468011856079,"y":0.04998525232076645,"z":-0.024053305387496949,"w":0.8997110724449158},"size":14.139608383178711,"orthographic":false}