{"cameraMode":{"drawMode":0,"name":"Shaded","section":"Shading Mode"},"sceneLighting":false,"audioPlay":false,"sceneViewState":{"showFog":true,"showMaterialUpdate":false,"showSkybox":true,"showFlares":true,"showImageEffects":true,"showParticleSystems":true},"in2DMode":false,"pivot":{"x":-0.9583866596221924,"y":-1.2095870971679688,"z":-0.4349241256713867},"rotation":{"x":0.24293996393680573,"y":0.004365168511867523,"z":-0.001093242783099413,"w":0.9700309634208679},"size":13.732933044433594,"orthographic":false}