{"cameraMode":{"drawMode":0,"name":"Shaded","section":"Shading Mode"},"sceneLighting":false,"audioPlay":false,"sceneViewState":{"showFog":true,"showMaterialUpdate":false,"showSkybox":true,"showFlares":true,"showImageEffects":true,"showParticleSystems":true},"in2DMode":false,"pivot":{"x":-0.6547957062721252,"y":0.8400682806968689,"z":3.9709079265594484},"rotation":{"x":0.09223275631666184,"y":0.02688112109899521,"z":-0.0024918473791331054,"w":0.9953714609146118},"size":16.877153396606447,"orthographic":false}