{"cameraMode":{"drawMode":0,"name":"Shaded","section":"Shading Mode"},"sceneLighting":false,"audioPlay":false,"sceneViewState":{"showFog":true,"showMaterialUpdate":false,"showSkybox":true,"showFlares":true,"showImageEffects":true,"showParticleSystems":true},"in2DMode":false,"pivot":{"x":-2.2357053756713869,"y":1.7096986770629883,"z":1.3675670623779297},"rotation":{"x":0.2873964011669159,"y":-0.048821479082107547,"z":0.014669949188828469,"w":0.9564541578292847},"size":21.525299072265626,"orthographic":false}