{"cameraMode":{"drawMode":0,"name":"Shaded","section":"Shading Mode"},"sceneLighting":false,"audioPlay":false,"sceneViewState":{"showFog":true,"showMaterialUpdate":false,"showSkybox":true,"showFlares":true,"showImageEffects":true,"showParticleSystems":true},"in2DMode":false,"pivot":{"x":0.048979759216308597,"y":-1.6560035943984986,"z":0.23750019073486329},"rotation":{"x":-0.35788288712501528,"y":-0.001400618115440011,"z":0.0005368313286453486,"w":-0.9337652921676636},"size":23.06166648864746,"orthographic":false}