{"cameraMode":{"drawMode":0,"name":"Shaded","section":"Shading Mode"},"sceneLighting":true,"audioPlay":false,"sceneViewState":{"showFog":true,"showMaterialUpdate":false,"showSkybox":true,"showFlares":true,"showImageEffects":true,"showParticleSystems":true},"in2DMode":false,"pivot":{"x":-0.33471378684043887,"y":2.1565589904785158,"z":-1.5680475234985352},"rotation":{"x":0.21812941133975984,"y":-0.0014639069559052587,"z":0.00032726250356063247,"w":0.975918710231781},"size":12.6126070022583,"orthographic":false}