{"cameraMode":{"drawMode":0,"name":"Shaded","section":"Shading Mode"},"sceneLighting":true,"audioPlay":false,"sceneViewState":{"showFog":true,"showMaterialUpdate":false,"showSkybox":true,"showFlares":true,"showImageEffects":true,"showParticleSystems":true},"in2DMode":false,"pivot":{"x":2.384185791015625e-7,"y":2.6999998092651369,"z":0.003124237060546875},"rotation":{"x":-0.3525595963001251,"y":0.004769942723214626,"z":-0.0017971290508285165,"w":-0.9357755184173584},"size":32.250247955322269,"orthographic":false}