{"cameraMode":{"drawMode":0,"name":"Shaded","section":"Shading Mode"},"sceneLighting":true,"audioPlay":false,"sceneViewState":{"showFog":true,"showMaterialUpdate":false,"showSkybox":true,"showFlares":true,"showImageEffects":true,"showParticleSystems":true},"in2DMode":false,"pivot":{"x":2.3435416221618654,"y":-1.0401893854141236,"z":-0.16073694825172425},"rotation":{"x":-0.325751930475235,"y":-0.003689843462780118,"z":0.0012713059550151229,"w":-0.9454472661018372},"size":11.636334419250489,"orthographic":false}