{"cameraMode":{"drawMode":0,"name":"Shaded","section":"Shading Mode"},"sceneLighting":false,"audioPlay":false,"sceneViewState":{"showFog":true,"showMaterialUpdate":false,"showSkybox":true,"showFlares":true,"showImageEffects":true,"showParticleSystems":true},"in2DMode":false,"pivot":{"x":0.889626681804657,"y":3.121276378631592,"z":0.6048288345336914},"rotation":{"x":-0.23361815512180329,"y":-0.009628472849726677,"z":0.0023133778013288976,"w":-0.9722779989242554},"size":14.555209159851075,"orthographic":false}