{"cameraMode":{"drawMode":0,"name":"Shaded","section":"Shading Mode"},"sceneLighting":false,"audioPlay":false,"sceneViewState":{"showFog":true,"showMaterialUpdate":false,"showSkybox":true,"showFlares":true,"showImageEffects":true,"showParticleSystems":true},"in2DMode":false,"pivot":{"x":1.6971150636672974,"y":1.833510398864746,"z":-0.5988496541976929},"rotation":{"x":-0.6629915237426758,"y":0.0015700594522058964,"z":-0.0013904862571507693,"w":-0.7486239671707153},"size":6.432572364807129,"orthographic":false}