{"cameraMode":{"drawMode":0,"name":"Shaded","section":"Shading Mode"},"sceneLighting":false,"audioPlay":false,"sceneViewState":{"showFog":true,"showMaterialUpdate":false,"showSkybox":true,"showFlares":true,"showImageEffects":true,"showParticleSystems":true},"in2DMode":false,"pivot":{"x":2.384185791015625e-7,"y":2.656351327896118,"z":0.2318720817565918},"rotation":{"x":-0.325751930475235,"y":-0.003689843462780118,"z":0.0012713059550151229,"w":-0.9454472661018372},"size":17.31106185913086,"orthographic":false}