{"cameraMode":{"drawMode":0,"name":"Shaded","section":"Shading Mode"},"sceneLighting":false,"audioPlay":false,"sceneViewState":{"showFog":true,"showMaterialUpdate":false,"showSkybox":true,"showFlares":true,"showImageEffects":true,"showParticleSystems":true},"in2DMode":false,"pivot":{"x":2.384185791015625e-7,"y":2.634528636932373,"z":0.0004267692565917969},"rotation":{"x":0.15388548374176026,"y":-0.004446639213711023,"z":0.0006922300672158599,"w":0.9880784749984741},"size":14.124201774597168,"orthographic":false}