{"cameraMode":{"drawMode":0,"name":"Shaded","section":"Shading Mode"},"sceneLighting":false,"audioPlay":false,"sceneViewState":{"showFog":true,"showMaterialUpdate":false,"showSkybox":true,"showFlares":true,"showImageEffects":true,"showParticleSystems":true},"in2DMode":false,"pivot":{"x":4.491092681884766,"y":7.198907852172852,"z":-4.2274274826049809},"rotation":{"x":-0.23352928459644319,"y":-0.02858484536409378,"z":0.006868396885693073,"w":-0.9719052910804749},"size":32.235435485839847,"orthographic":false}