{"cameraMode":{"drawMode":0,"name":"Shaded","section":"Shading Mode"},"sceneLighting":false,"audioPlay":false,"sceneViewState":{"showFog":true,"showMaterialUpdate":false,"showSkybox":true,"showFlares":true,"showImageEffects":true,"showParticleSystems":true},"in2DMode":false,"pivot":{"x":-0.000033855438232421875,"y":2.700000762939453,"z":-0.01666259765625},"rotation":{"x":-0.23352928459644319,"y":-0.02858484536409378,"z":0.006868396885693073,"w":-0.9719052910804749},"size":32.291988372802737,"orthographic":false}