{"cameraMode":{"drawMode":0,"name":"Shaded","section":"Shading Mode"},"sceneLighting":true,"audioPlay":false,"sceneViewState":{"showFog":true,"showMaterialUpdate":false,"showSkybox":true,"showFlares":true,"showImageEffects":true,"showParticleSystems":true},"in2DMode":false,"pivot":{"x":0.9805424809455872,"y":1.1141057014465333,"z":3.634639263153076},"rotation":{"x":0.15388548374176026,"y":-0.004446639213711023,"z":0.0006922300672158599,"w":0.9880784749984741},"size":15.87788200378418,"orthographic":false}