{"cameraMode":{"drawMode":0,"name":"Shaded","section":"Shading Mode"},"sceneLighting":false,"audioPlay":false,"sceneViewState":{"showFog":true,"showMaterialUpdate":false,"showSkybox":true,"showFlares":true,"showImageEffects":true,"showParticleSystems":true},"in2DMode":false,"pivot":{"x":0.668968677520752,"y":2.1351308822631838,"z":0.2581375539302826},"rotation":{"x":-0.5648977756500244,"y":-0.0007448949036188424,"z":0.0005099319969303906,"w":-0.8251603841781616},"size":14.031454086303711,"orthographic":false}