{"cameraMode":{"drawMode":0,"name":"Shaded","section":"Shading Mode"},"sceneLighting":false,"audioPlay":false,"sceneViewState":{"showFog":true,"showMaterialUpdate":false,"showSkybox":true,"showFlares":true,"showImageEffects":true,"showParticleSystems":true},"in2DMode":false,"pivot":{"x":2.384185791015625e-7,"y":2.6999998092651369,"z":0.00042748451232910156},"rotation":{"x":-0.325751930475235,"y":-0.003689843462780118,"z":0.0012713059550151229,"w":-0.9454472661018372},"size":32.94642639160156,"orthographic":false}