{"cameraMode":{"drawMode":0,"name":"Shaded","section":"Shading Mode"},"sceneLighting":false,"audioPlay":false,"sceneViewState":{"showFog":true,"showMaterialUpdate":false,"showSkybox":true,"showFlares":true,"showImageEffects":true,"showParticleSystems":true},"in2DMode":false,"pivot":{"x":-1.0422192811965943,"y":-0.1036510318517685,"z":-2.46427321434021},"rotation":{"x":-0.5987874865531921,"y":-0.023539800196886064,"z":0.01761104352772236,"w":-0.8003683090209961},"size":14.26025676727295,"orthographic":false}