{"cameraMode":{"drawMode":0,"name":"Shaded","section":"Shading Mode"},"sceneLighting":false,"audioPlay":false,"sceneViewState":{"showFog":true,"showMaterialUpdate":false,"showSkybox":true,"showFlares":true,"showImageEffects":true,"showParticleSystems":true},"in2DMode":false,"pivot":{"x":-0.050230979919433597,"y":-1.399999976158142,"z":-3.6792068481445314},"rotation":{"x":-0.5987874865531921,"y":-0.023539800196886064,"z":0.01761104352772236,"w":-0.8003683090209961},"size":1.000259280204773,"orthographic":false}