{"cameraMode":{"drawMode":0,"name":"Shaded","section":"Shading Mode"},"sceneLighting":false,"audioPlay":false,"sceneViewState":{"showFog":true,"showMaterialUpdate":false,"showSkybox":true,"showFlares":true,"showImageEffects":true,"showParticleSystems":true},"in2DMode":false,"pivot":{"x":0.6662837266921997,"y":3.15952730178833,"z":-0.006051620002835989},"rotation":{"x":0.2782779335975647,"y":-1.1833633806190847e-7,"z":-1.0416580664696085e-7,"w":0.9605005979537964},"size":10.895164489746094,"orthographic":false}