{"cameraMode":{"drawMode":0,"name":"Shaded","section":"Shading Mode"},"sceneLighting":false,"audioPlay":false,"sceneViewState":{"showFog":true,"showMaterialUpdate":false,"showSkybox":true,"showFlares":true,"showImageEffects":true,"showParticleSystems":true},"in2DMode":false,"pivot":{"x":0.44318127632141116,"y":2.6993770599365236,"z":-0.8655686378479004},"rotation":{"x":-0.325751930475235,"y":-0.003689843462780118,"z":0.0012713059550151229,"w":-0.9454472661018372},"size":35.29887771606445,"orthographic":false}