{"cameraMode":{"drawMode":0,"name":"Shaded","section":"Shading Mode"},"sceneLighting":false,"audioPlay":false,"sceneViewState":{"showFog":true,"showMaterialUpdate":false,"showSkybox":true,"showFlares":true,"showImageEffects":true,"showParticleSystems":true},"in2DMode":false,"pivot":{"x":0.5286532044410706,"y":1.7484855651855469,"z":-1.202012062072754},"rotation":{"x":-0.41487857699394228,"y":-0.0008213752880692482,"z":0.00037450165837071836,"w":-0.9098764061927795},"size":9.317508697509766,"orthographic":false}