{"cameraMode":{"drawMode":0,"name":"Shaded","section":"Shading Mode"},"sceneLighting":false,"audioPlay":false,"sceneViewState":{"showFog":true,"showMaterialUpdate":false,"showSkybox":true,"showFlares":true,"showImageEffects":true,"showParticleSystems":true},"in2DMode":false,"pivot":{"x":1.9538503885269166,"y":2.024106979370117,"z":0.09730438143014908},"rotation":{"x":-0.6607338786125183,"y":-0.004055489785969257,"z":0.0035696597769856455,"w":-0.7506008148193359},"size":11.972660064697266,"orthographic":true}