{"cameraMode":{"drawMode":0,"name":"Shaded","section":"Shading Mode"},"sceneLighting":false,"audioPlay":false,"sceneViewState":{"showFog":true,"showMaterialUpdate":false,"showSkybox":true,"showFlares":true,"showImageEffects":true,"showParticleSystems":true},"in2DMode":false,"pivot":{"x":0.0,"y":-1.64776611328125,"z":-0.3195403814315796},"rotation":{"x":-0.41487857699394228,"y":-0.0008213752880692482,"z":0.00037450165837071836,"w":-0.9098764061927795},"size":5.620047092437744,"orthographic":false}