{"cameraMode":{"drawMode":0,"name":"Shaded","section":"Shading Mode"},"sceneLighting":false,"audioPlay":false,"sceneViewState":{"showFog":true,"showMaterialUpdate":false,"showSkybox":true,"showFlares":true,"showImageEffects":true,"showParticleSystems":true},"in2DMode":false,"pivot":{"x":-1.0427818298339844,"y":-0.42641758918762209,"z":4.249663352966309},"rotation":{"x":0.15387223660945893,"y":-0.013339227065443993,"z":0.002077469602227211,"w":0.9879985451698303},"size":21.300369262695314,"orthographic":false}