{"cameraMode":{"drawMode":0,"name":"Shaded","section":"Shading Mode"},"sceneLighting":true,"audioPlay":false,"sceneViewState":{"showFog":true,"showMaterialUpdate":false,"showSkybox":true,"showFlares":true,"showImageEffects":true,"showParticleSystems":true},"in2DMode":false,"pivot":{"x":-0.47303035855293276,"y":-0.32421112060546877,"z":-0.43161869049072268},"rotation":{"x":-0.44453921914100649,"y":0.022029325366020204,"z":-0.010936670005321503,"w":-0.8954216837882996},"size":15.280357360839844,"orthographic":false}