{"cameraMode":{"drawMode":0,"name":"Shaded","section":"Shading Mode"},"sceneLighting":false,"audioPlay":false,"sceneViewState":{"showFog":true,"showMaterialUpdate":false,"showSkybox":true,"showFlares":true,"showImageEffects":true,"showParticleSystems":true},"in2DMode":false,"pivot":{"x":2.384185791015625e-7,"y":2.667874574661255,"z":0.0004267692565917969},"rotation":{"x":-0.5987874865531921,"y":-0.023539800196886064,"z":0.01761104352772236,"w":-0.8003683090209961},"size":32.30219650268555,"orthographic":false}