{"cameraMode":{"drawMode":0,"name":"Shaded","section":"Shading Mode"},"sceneLighting":true,"audioPlay":false,"sceneViewState":{"showFog":true,"showMaterialUpdate":false,"showSkybox":true,"showFlares":true,"showImageEffects":true,"showParticleSystems":true},"in2DMode":false,"pivot":{"x":0.0000152587890625,"y":2.2248525619506838,"z":-0.4658779501914978},"rotation":{"x":-0.23003125190734864,"y":0.4642338752746582,"z":-0.12623418867588044,"w":-0.8459535837173462},"size":10.783378601074219,"orthographic":false}