{"cameraMode":{"drawMode":0,"name":"Shaded","section":"Shading Mode"},"sceneLighting":false,"audioPlay":false,"sceneViewState":{"showFog":true,"showMaterialUpdate":false,"showSkybox":true,"showFlares":true,"showImageEffects":true,"showParticleSystems":true},"in2DMode":false,"pivot":{"x":-1.376930594444275,"y":1.6342930793762208,"z":-4.000641822814941},"rotation":{"x":-0.1641903519630432,"y":-0.06594117730855942,"z":0.011001196689903736,"w":-0.9841607213020325},"size":14.102388381958008,"orthographic":false}