{"cameraMode":{"drawMode":0,"name":"Shaded","section":"Shading Mode"},"sceneLighting":false,"audioPlay":false,"sceneViewState":{"showFog":true,"showMaterialUpdate":false,"showSkybox":true,"showFlares":true,"showImageEffects":true,"showParticleSystems":true},"in2DMode":false,"pivot":{"x":-1.1120768785476685,"y":-12.340914726257325,"z":30.2026424407959},"rotation":{"x":-0.1955418437719345,"y":-0.0023561054840683939,"z":0.00046982953790575266,"w":-0.980692446231842},"size":50.58480453491211,"orthographic":false}