{"cameraMode":{"drawMode":0,"name":"Shaded","section":"Shading Mode"},"sceneLighting":false,"audioPlay":false,"sceneViewState":{"showFog":true,"showMaterialUpdate":false,"showSkybox":true,"showFlares":true,"showImageEffects":true,"showParticleSystems":true},"in2DMode":false,"pivot":{"x":-1.9503860473632813,"y":-0.7466169595718384,"z":-7.017539978027344},"rotation":{"x":-0.0991201102733612,"y":-0.02328537032008171,"z":0.0023203310556709768,"w":-0.9948002696037293},"size":0.9376525282859802,"orthographic":false}