{"cameraMode":{"drawMode":0,"name":"Shaded","section":"Shading Mode"},"sceneLighting":false,"audioPlay":false,"sceneViewState":{"showFog":true,"showMaterialUpdate":false,"showSkybox":true,"showFlares":true,"showImageEffects":true,"showParticleSystems":true},"in2DMode":false,"pivot":{"x":0.35158729553222659,"y":2.6993770599365236,"z":-1.5711753368377686},"rotation":{"x":-0.042087119072675708,"y":-0.09964709728956223,"z":0.004218698013573885,"w":-0.9941233992576599},"size":12.111747741699219,"orthographic":false}