{"cameraMode":{"drawMode":0,"name":"Shaded","section":"Shading Mode"},"sceneLighting":false,"audioPlay":false,"sceneViewState":{"showFog":true,"showMaterialUpdate":false,"showSkybox":true,"showFlares":true,"showImageEffects":true,"showParticleSystems":true},"in2DMode":false,"pivot":{"x":-0.23762202262878419,"y":1.0114237070083619,"z":4.962890625},"rotation":{"x":-0.26413169503211977,"y":-0.0066569712944328789,"z":0.001823056605644524,"w":-0.9644619226455689},"size":15.466679573059082,"orthographic":false}