{"cameraMode":{"drawMode":0,"name":"Shaded","section":"Shading Mode"},"sceneLighting":false,"audioPlay":false,"sceneViewState":{"showFog":true,"showMaterialUpdate":false,"showSkybox":true,"showFlares":true,"showImageEffects":true,"showParticleSystems":true},"in2DMode":false,"pivot":{"x":2.384185791015625e-7,"y":2.6999998092651369,"z":4.5},"rotation":{"x":-0.10947469621896744,"y":-0.04561011493206024,"z":0.00502797681838274,"w":-0.9929299354553223},"size":15.606585502624512,"orthographic":false}