{"cameraMode":{"drawMode":0,"name":"Shaded","section":"Shading Mode"},"sceneLighting":false,"audioPlay":false,"sceneViewState":{"showFog":true,"showMaterialUpdate":false,"showSkybox":true,"showFlares":true,"showImageEffects":true,"showParticleSystems":true},"in2DMode":false,"pivot":{"x":-1.439872145652771,"y":3.0870790481567385,"z":3.404238224029541},"rotation":{"x":-0.43659529089927676,"y":0.07058563828468323,"z":-0.034385595470666888,"w":-0.8962253928184509},"size":14.903167724609375,"orthographic":false}