{"cameraMode":{"drawMode":0,"name":"Shaded","section":"Shading Mode"},"sceneLighting":false,"audioPlay":false,"sceneViewState":{"showFog":true,"showMaterialUpdate":false,"showSkybox":true,"showFlares":true,"showImageEffects":true,"showParticleSystems":true},"in2DMode":false,"pivot":{"x":0.330244779586792,"y":3.5523948669433595,"z":0.6268310546875},"rotation":{"x":-0.307203471660614,"y":-0.01798688992857933,"z":0.005807617213577032,"w":-0.9514561891555786},"size":32.25526809692383,"orthographic":false}