{"cameraMode":{"drawMode":0,"name":"Shaded","section":"Shading Mode"},"sceneLighting":false,"audioPlay":false,"sceneViewState":{"showFog":true,"showMaterialUpdate":false,"showSkybox":true,"showFlares":true,"showImageEffects":true,"showParticleSystems":true},"in2DMode":false,"pivot":{"x":4.1863508224487309,"y":2.452481746673584,"z":5.451935768127441},"rotation":{"x":-0.1011354848742485,"y":-0.38286009430885317,"z":0.04221241921186447,"w":-0.9172829389572144},"size":12.373672485351563,"orthographic":false}