{"cameraMode":{"drawMode":0,"name":"Shaded","section":"Shading Mode"},"sceneLighting":false,"audioPlay":false,"sceneViewState":{"showFog":true,"showMaterialUpdate":false,"showSkybox":true,"showFlares":true,"showImageEffects":true,"showParticleSystems":true},"in2DMode":false,"pivot":{"x":0.512758195400238,"y":1.7785683870315552,"z":-0.38479748368263247},"rotation":{"x":-0.23508302867412568,"y":-0.006709170527756214,"z":0.0016228212043642998,"w":-0.9719508290290833},"size":15.359219551086426,"orthographic":false}