{"cameraMode":{"drawMode":0,"name":"Shaded","section":"Shading Mode"},"sceneLighting":false,"audioPlay":false,"sceneViewState":{"showFog":true,"showMaterialUpdate":false,"showSkybox":true,"showFlares":true,"showImageEffects":true,"showParticleSystems":true},"in2DMode":false,"pivot":{"x":0.000030517578125,"y":2.6707401275634767,"z":0.0031239986419677736},"rotation":{"x":0.09168460220098496,"y":-0.136382594704628,"z":-0.012677536346018315,"w":-0.9863230586051941},"size":32.37234115600586,"orthographic":false}