{"cameraMode":{"drawMode":0,"name":"Shaded","section":"Shading Mode"},"sceneLighting":true,"audioPlay":false,"sceneViewState":{"showFog":true,"showMaterialUpdate":false,"showSkybox":true,"showFlares":true,"showImageEffects":true,"showParticleSystems":true},"in2DMode":false,"pivot":{"x":-2.631072998046875,"y":-49.256431579589847,"z":47.626502990722659},"rotation":{"x":-0.3785880506038666,"y":0.047725334763526919,"z":-0.0195524450391531,"w":-0.9241272211074829},"size":71.32150268554688,"orthographic":false}