{"cameraMode":{"drawMode":0,"name":"Shaded","section":"Shading Mode"},"sceneLighting":false,"audioPlay":false,"sceneViewState":{"showFog":true,"showMaterialUpdate":false,"showSkybox":true,"showFlares":true,"showImageEffects":true,"showParticleSystems":true},"in2DMode":false,"pivot":{"x":-10.05158519744873,"y":-2.106426239013672,"z":16.751344680786134},"rotation":{"x":-0.24502526223659516,"y":0.185348242521286,"z":-0.0477832667529583,"w":-0.9504343271255493},"size":32.811153411865237,"orthographic":false}