{"cameraMode":{"drawMode":0,"name":"Shaded","section":"Shading Mode"},"sceneLighting":false,"audioPlay":false,"sceneViewState":{"showFog":true,"showMaterialUpdate":false,"showSkybox":true,"showFlares":true,"showImageEffects":true,"showParticleSystems":true},"in2DMode":false,"pivot":{"x":-0.27945592999458315,"y":2.567119836807251,"z":-0.16010159254074098},"rotation":{"x":-0.06326686590909958,"y":-0.006888551637530327,"z":0.00043674942571669817,"w":-0.9979727864265442},"size":11.422847747802735,"orthographic":false}