{"cameraMode":{"drawMode":0,"name":"Shaded","section":"Shading Mode"},"sceneLighting":false,"audioPlay":false,"sceneViewState":{"showFog":true,"showMaterialUpdate":false,"showSkybox":true,"showFlares":true,"showImageEffects":true,"showParticleSystems":true},"in2DMode":false,"pivot":{"x":-2.5598578453063967,"y":-6.871129989624023,"z":15.579750061035157},"rotation":{"x":-0.2942601144313812,"y":0.09783340245485306,"z":-0.03029649332165718,"w":-0.9502220153808594},"size":35.39745330810547,"orthographic":false}