{"cameraMode":{"drawMode":0,"name":"Shaded","section":"Shading Mode"},"sceneLighting":false,"audioPlay":false,"sceneViewState":{"showFog":true,"showMaterialUpdate":false,"showSkybox":true,"showFlares":true,"showImageEffects":true,"showParticleSystems":true},"in2DMode":false,"pivot":{"x":-3.367067575454712,"y":-1.8068346977233887,"z":3.247089385986328},"rotation":{"x":-0.16815803945064546,"y":0.09800279140472412,"z":-0.01680368185043335,"w":-0.9807323813438416},"size":12.233257293701172,"orthographic":false}