{"cameraMode":{"drawMode":0,"name":"Shaded","section":"Shading Mode"},"sceneLighting":true,"audioPlay":false,"sceneViewState":{"showFog":true,"showMaterialUpdate":false,"showSkybox":true,"showFlares":true,"showImageEffects":true,"showParticleSystems":true},"in2DMode":false,"pivot":{"x":0.020085886120796205,"y":1.165093183517456,"z":11.799971580505371},"rotation":{"x":-0.021300533786416055,"y":-0.02789253555238247,"z":0.0005945336306467652,"w":-0.999383807182312},"size":22.08478546142578,"orthographic":false}