{"cameraMode":{"drawMode":0,"name":"Shaded","section":"Shading Mode"},"sceneLighting":false,"audioPlay":false,"sceneViewState":{"showFog":true,"showMaterialUpdate":false,"showSkybox":true,"showFlares":true,"showImageEffects":true,"showParticleSystems":true},"in2DMode":false,"pivot":{"x":-2.0701992511749269,"y":1.3785570859909058,"z":0.8538010120391846},"rotation":{"x":-0.1378108561038971,"y":-0.7851524949073792,"z":0.1886582225561142,"w":-0.5735432505607605},"size":-0.732894778251648,"orthographic":false}