{"cameraMode":{"drawMode":0,"name":"Shaded","section":"Shading Mode"},"sceneLighting":false,"audioPlay":false,"sceneViewState":{"showFog":true,"showMaterialUpdate":false,"showSkybox":true,"showFlares":true,"showImageEffects":true,"showParticleSystems":true},"in2DMode":false,"pivot":{"x":2.384185791015625e-7,"y":2.6999993324279787,"z":0.0004267692565917969},"rotation":{"x":-0.021300533786416055,"y":-0.02789253555238247,"z":0.0005945336306467652,"w":-0.999383807182312},"size":32.57295608520508,"orthographic":false}