{"cameraMode":{"drawMode":0,"name":"Shaded","section":"Shading Mode"},"sceneLighting":false,"audioPlay":false,"sceneViewState":{"showFog":true,"showMaterialUpdate":false,"showSkybox":true,"showFlares":true,"showImageEffects":true,"showParticleSystems":true},"in2DMode":false,"pivot":{"x":-13.006235122680664,"y":-2.6386661529541017,"z":26.20020294189453},"rotation":{"x":-0.09106989204883576,"y":0.27185794711112978,"z":-0.025852348655462266,"w":-0.9576696753501892},"size":44.749900817871097,"orthographic":false}