{"cameraMode":{"drawMode":0,"name":"Shaded","section":"Shading Mode"},"sceneLighting":false,"audioPlay":false,"sceneViewState":{"showFog":true,"showMaterialUpdate":false,"showSkybox":true,"showFlares":true,"showImageEffects":true,"showParticleSystems":true},"in2DMode":false,"pivot":{"x":-7.7028584480285648,"y":-7.022757530212402,"z":5.920337200164795},"rotation":{"x":0.19634822010993958,"y":-0.2892121970653534,"z":0.06073771044611931,"w":0.9349409937858582},"size":22.0,"orthographic":false}