{"cameraMode":{"drawMode":0,"name":"Shaded","section":"Shading Mode"},"sceneLighting":false,"audioPlay":false,"sceneViewState":{"showFog":true,"showMaterialUpdate":false,"showSkybox":true,"showFlares":true,"showImageEffects":true,"showParticleSystems":true},"in2DMode":false,"pivot":{"x":2.8707151412963869,"y":-1.8773516416549683,"z":1.7521981000900269},"rotation":{"x":0.20697622001171113,"y":-0.013208668678998948,"z":0.002794420812278986,"w":0.9782528281211853},"size":9.798974990844727,"orthographic":false}