{"cameraMode":{"drawMode":0,"name":"Shaded","section":"Shading Mode"},"sceneLighting":false,"audioPlay":false,"sceneViewState":{"showFog":true,"showMaterialUpdate":false,"showSkybox":true,"showFlares":true,"showImageEffects":true,"showParticleSystems":true},"in2DMode":false,"pivot":{"x":2.384185791015625e-7,"y":2.6444623470306398,"z":0.0004267692565917969},"rotation":{"x":-0.19507189095020295,"y":0.03912285342812538,"z":-0.00778884207829833,"w":-0.9799774289131165},"size":32.345863342285159,"orthographic":false}