{"cameraMode":{"drawMode":0,"name":"Shaded","section":"Shading Mode"},"sceneLighting":true,"audioPlay":false,"sceneViewState":{"showFog":true,"showMaterialUpdate":true,"showSkybox":true,"showFlares":true,"showImageEffects":true,"showParticleSystems":true},"in2DMode":false,"pivot":{"x":5.409890651702881,"y":-2.9073524475097658,"z":2.714273452758789},"rotation":{"x":0.33554282784461977,"y":0.0817992091178894,"z":-0.029264269396662713,"w":0.9380104541778565},"size":30.861371994018556,"orthographic":false}