{"cameraMode":{"drawMode":0,"name":"Shaded","section":"Shading Mode"},"sceneLighting":false,"audioPlay":false,"sceneViewState":{"showFog":true,"showMaterialUpdate":false,"showSkybox":true,"showFlares":true,"showImageEffects":true,"showParticleSystems":true},"in2DMode":false,"pivot":{"x":0.4348396062850952,"y":-2.8173255920410158,"z":-0.05382373929023743},"rotation":{"x":0.7155274152755737,"y":0.00419137766584754,"z":-0.004293232690542936,"w":0.6985589861869812},"size":13.686381340026856,"orthographic":false}