{"cameraMode":{"drawMode":0,"name":"Shaded","section":"Shading Mode"},"sceneLighting":false,"audioPlay":false,"sceneViewState":{"showFog":true,"showMaterialUpdate":false,"showSkybox":true,"showFlares":true,"showImageEffects":true,"showParticleSystems":true},"in2DMode":false,"pivot":{"x":7.872463226318359,"y":4.604496002197266,"z":-17.388381958007814},"rotation":{"x":-0.19507189095020295,"y":0.03912285342812538,"z":-0.00778884207829833,"w":-0.9799774289131165},"size":4.76219367980957,"orthographic":false}