{"cameraMode":{"drawMode":0,"name":"Shaded","section":"Shading Mode"},"sceneLighting":false,"audioPlay":false,"sceneViewState":{"showFog":true,"showMaterialUpdate":false,"showSkybox":true,"showFlares":true,"showImageEffects":true,"showParticleSystems":true},"in2DMode":false,"pivot":{"x":0.35158729553222659,"y":2.6999998092651369,"z":-1.5711753368377686},"rotation":{"x":0.21137531101703645,"y":-0.013195772655308247,"z":0.0028539011254906656,"w":0.9773117303848267},"size":38.75431442260742,"orthographic":false}