{"cameraMode":{"drawMode":0,"name":"Shaded","section":"Shading Mode"},"sceneLighting":true,"audioPlay":false,"sceneViewState":{"showFog":true,"showMaterialUpdate":false,"showSkybox":true,"showFlares":true,"showImageEffects":true,"showParticleSystems":true},"in2DMode":false,"pivot":{"x":-7.4790849685668949,"y":-1.831268072128296,"z":-4.50600004196167},"rotation":{"x":-0.09384673088788986,"y":0.10434342175722122,"z":-0.009889628738164902,"w":-0.9900543093681336},"size":22.0,"orthographic":false}