{"cameraMode":{"drawMode":0,"name":"Shaded","section":"Shading Mode"},"sceneLighting":false,"audioPlay":false,"sceneViewState":{"showFog":true,"showMaterialUpdate":false,"showSkybox":true,"showFlares":true,"showImageEffects":true,"showParticleSystems":true},"in2DMode":false,"pivot":{"x":-0.2781767249107361,"y":3.1064677238464357,"z":21.111408233642579},"rotation":{"x":-0.0029999774415045978,"y":-0.002999985357746482,"z":-0.000009000228601507843,"w":0.9999909996986389},"size":32.25526809692383,"orthographic":false}