{"cameraMode":{"drawMode":0,"name":"Shaded","section":"Shading Mode"},"sceneLighting":false,"audioPlay":false,"sceneViewState":{"showFog":true,"showMaterialUpdate":false,"showSkybox":true,"showFlares":true,"showImageEffects":true,"showParticleSystems":true},"in2DMode":false,"pivot":{"x":3.438999891281128,"y":-4.349999904632568,"z":-3.569999933242798},"rotation":{"x":0.182936429977417,"y":-0.1439463347196579,"z":0.027087228372693063,"w":0.9721522331237793},"size":1.1724594831466675,"orthographic":false}