{"cameraMode":{"drawMode":0,"name":"Shaded","section":"Shading Mode"},"sceneLighting":true,"audioPlay":false,"sceneViewState":{"showFog":true,"showMaterialUpdate":false,"showSkybox":true,"showFlares":true,"showImageEffects":true,"showParticleSystems":true},"in2DMode":false,"pivot":{"x":-1.1647943258285523,"y":-0.9218344688415527,"z":-1.2031810283660889},"rotation":{"x":0.24893023073673249,"y":-0.11878268420696259,"z":0.030774468556046487,"w":0.9607170820236206},"size":4.56814432144165,"orthographic":false}