{"cameraMode":{"drawMode":0,"name":"Shaded","section":"Shading Mode"},"sceneLighting":true,"audioPlay":false,"sceneViewState":{"showFog":true,"showMaterialUpdate":false,"showSkybox":true,"showFlares":true,"showImageEffects":true,"showParticleSystems":true},"in2DMode":false,"pivot":{"x":6.610976219177246,"y":-11.590290069580079,"z":-5.236751079559326},"rotation":{"x":0.18773432075977326,"y":0.6930811405181885,"z":-0.19472923874855042,"w":0.6681877970695496},"size":21.778011322021486,"orthographic":false}