{"cameraMode":{"drawMode":0,"name":"Shaded","section":"Shading Mode"},"sceneLighting":false,"audioPlay":false,"sceneViewState":{"showFog":true,"showMaterialUpdate":false,"showSkybox":true,"showFlares":true,"showImageEffects":true,"showParticleSystems":true},"in2DMode":false,"pivot":{"x":-1.1920928955078126e-7,"y":-1.6367288827896119,"z":0.0},"rotation":{"x":-0.3296448290348053,"y":0.017842937260866166,"z":-0.006232486106455326,"w":-0.943915843963623},"size":10.95057487487793,"orthographic":false}