{"cameraMode":{"drawMode":0,"name":"Shaded","section":"Shading Mode"},"sceneLighting":false,"audioPlay":false,"sceneViewState":{"showFog":true,"showMaterialUpdate":false,"showSkybox":true,"showFlares":true,"showImageEffects":true,"showParticleSystems":true},"in2DMode":false,"pivot":{"x":-2.034877300262451,"y":4.726068019866943,"z":4.5},"rotation":{"x":0.017995573580265046,"y":0.020994873717427255,"z":-0.0003778980462811887,"w":0.9996175765991211},"size":13.78752326965332,"orthographic":false}