{"cameraMode":{"drawMode":0,"name":"Shaded","section":"Shading Mode"},"sceneLighting":true,"audioPlay":false,"sceneViewState":{"showFog":true,"showMaterialUpdate":false,"showSkybox":true,"showFlares":true,"showImageEffects":true,"showParticleSystems":true},"in2DMode":false,"pivot":{"x":51.12078094482422,"y":-15.282612800598145,"z":34.687076568603519},"rotation":{"x":0.12668976187705995,"y":0.46487852931022646,"z":-0.06741240620613098,"w":0.873666524887085},"size":98.4343490600586,"orthographic":false}