{"cameraMode":{"drawMode":0,"name":"Shaded","section":"Shading Mode"},"sceneLighting":false,"audioPlay":false,"sceneViewState":{"showFog":true,"showMaterialUpdate":false,"showSkybox":true,"showFlares":true,"showImageEffects":true,"showParticleSystems":true},"in2DMode":false,"pivot":{"x":-0.33325979113578799,"y":1.6751047372817994,"z":-1.9339795112609864},"rotation":{"x":0.6888465285301209,"y":9.49508432768198e-7,"z":0.0000014571152178177727,"w":0.7249072194099426},"size":7.114173412322998,"orthographic":false}