{"cameraMode":{"drawMode":0,"name":"Shaded","section":"Shading Mode"},"sceneLighting":true,"audioPlay":false,"sceneViewState":{"showFog":true,"showMaterialUpdate":false,"showSkybox":true,"showFlares":true,"showImageEffects":true,"showParticleSystems":true},"in2DMode":false,"pivot":{"x":-44.7413330078125,"y":-2.7794060707092287,"z":70.60844421386719},"rotation":{"x":-0.01586257480084896,"y":0.2768053710460663,"z":-0.004568703472614288,"w":-0.9607842564582825},"size":109.21469116210938,"orthographic":false}