{"cameraMode":{"drawMode":0,"name":"Shaded","section":"Shading Mode"},"sceneLighting":false,"audioPlay":false,"sceneViewState":{"showFog":true,"showMaterialUpdate":false,"showSkybox":true,"showFlares":true,"showImageEffects":true,"showParticleSystems":true},"in2DMode":false,"pivot":{"x":-0.625796914100647,"y":-1.3575923442840577,"z":-0.8698657751083374},"rotation":{"x":-0.421450138092041,"y":-0.030737759545445443,"z":0.01429537869989872,"w":-0.9062177538871765},"size":22.883747100830079,"orthographic":false}