{"cameraMode":{"drawMode":0,"name":"Shaded","section":"Shading Mode"},"sceneLighting":false,"audioPlay":false,"sceneViewState":{"showFog":true,"showMaterialUpdate":false,"showSkybox":true,"showFlares":true,"showImageEffects":true,"showParticleSystems":true},"in2DMode":false,"pivot":{"x":-12.795732498168946,"y":-12.100334167480469,"z":35.997562408447269},"rotation":{"x":-0.11726922541856766,"y":0.14454878866672517,"z":-0.017255103215575219,"w":-0.9823725819587708},"size":48.08193588256836,"orthographic":false}