{"cameraMode":{"drawMode":0,"name":"Shaded","section":"Shading Mode"},"sceneLighting":false,"audioPlay":false,"sceneViewState":{"showFog":true,"showMaterialUpdate":false,"showSkybox":true,"showFlares":true,"showImageEffects":true,"showParticleSystems":true},"in2DMode":false,"pivot":{"x":-3.331712484359741,"y":-3.6242403984069826,"z":0.27819275856018069},"rotation":{"x":0.32909414172172549,"y":-0.10452377796173096,"z":0.036680418998003009,"w":0.9377774000167847},"size":5.961635112762451,"orthographic":false}