{"cameraMode":{"drawMode":0,"name":"Shaded","section":"Shading Mode"},"sceneLighting":false,"audioPlay":false,"sceneViewState":{"showFog":true,"showMaterialUpdate":false,"showSkybox":true,"showFlares":true,"showImageEffects":true,"showParticleSystems":true},"in2DMode":false,"pivot":{"x":3.438999652862549,"y":-4.349999904632568,"z":-3.5699996948242189},"rotation":{"x":-0.6097662448883057,"y":0.08256484568119049,"z":-0.06407876312732697,"w":-0.7856603264808655},"size":1.8123620748519898,"orthographic":false}