{"cameraMode":{"drawMode":0,"name":"Shaded","section":"Shading Mode"},"sceneLighting":false,"audioPlay":false,"sceneViewState":{"showFog":true,"showMaterialUpdate":false,"showSkybox":true,"showFlares":true,"showImageEffects":true,"showParticleSystems":true},"in2DMode":false,"pivot":{"x":2.756772041320801,"y":-1.410145878791809,"z":7.149484634399414},"rotation":{"x":0.07259447127580643,"y":0.15051275491714478,"z":-0.011083010584115982,"w":0.9858768582344055},"size":22.0,"orthographic":false}