{"cameraMode":{"drawMode":0,"name":"Shaded","section":"Shading Mode"},"sceneLighting":false,"audioPlay":false,"sceneViewState":{"showFog":true,"showMaterialUpdate":false,"showSkybox":true,"showFlares":true,"showImageEffects":true,"showParticleSystems":true},"in2DMode":false,"pivot":{"x":-3.4632837772369386,"y":-3.4940953254699709,"z":4.552723407745361},"rotation":{"x":0.3173692226409912,"y":0.3773295283317566,"z":-0.13945001363754273,"w":0.8587508201599121},"size":16.785079956054689,"orthographic":false}