{"cameraMode":{"drawMode":0,"name":"Shaded","section":"Shading Mode"},"sceneLighting":false,"audioPlay":false,"sceneViewState":{"showFog":true,"showMaterialUpdate":false,"showSkybox":true,"showFlares":true,"showImageEffects":true,"showParticleSystems":true},"in2DMode":false,"pivot":{"x":-3.619168996810913,"y":-59.50736618041992,"z":30.38562774658203},"rotation":{"x":0.5004091262817383,"y":-0.07899678498506546,"z":0.04591593146324158,"w":0.8609541654586792},"size":78.52803039550781,"orthographic":false}