{"cameraMode":{"drawMode":0,"name":"Shaded","section":"Shading Mode"},"sceneLighting":false,"audioPlay":false,"sceneViewState":{"showFog":true,"showMaterialUpdate":false,"showSkybox":true,"showFlares":true,"showImageEffects":true,"showParticleSystems":true},"in2DMode":false,"pivot":{"x":1.0023443698883057,"y":0.5241978764533997,"z":-2.278191328048706},"rotation":{"x":0.6996414065361023,"y":-0.0010708293411880732,"z":0.0010508197592571378,"w":0.7144925594329834},"size":12.294820785522461,"orthographic":false}