{"cameraMode":{"drawMode":0,"name":"Shaded","section":"Shading Mode"},"sceneLighting":false,"audioPlay":false,"sceneViewState":{"showFog":true,"showMaterialUpdate":false,"showSkybox":true,"showFlares":true,"showImageEffects":true,"showParticleSystems":true},"in2DMode":false,"pivot":{"x":0.021251916885375978,"y":6.3653411865234379,"z":4.490504741668701},"rotation":{"x":-0.11726922541856766,"y":0.14454878866672517,"z":-0.017255103215575219,"w":-0.9823725819587708},"size":17.214618682861329,"orthographic":false}