{"cameraMode":{"drawMode":0,"name":"Shaded","section":"Shading Mode"},"sceneLighting":false,"audioPlay":false,"sceneViewState":{"showFog":true,"showMaterialUpdate":false,"showSkybox":true,"showFlares":true,"showImageEffects":true,"showParticleSystems":true},"in2DMode":false,"pivot":{"x":-0.625796914100647,"y":-1.3575923442840577,"z":-0.8698657751083374},"rotation":{"x":-0.6024578213691711,"y":-0.01987290009856224,"z":0.015008080750703812,"w":-0.7977621555328369},"size":10.057267189025879,"orthographic":false}