{"cameraMode":{"drawMode":0,"name":"Shaded","section":"Shading Mode"},"sceneLighting":false,"audioPlay":false,"sceneViewState":{"showFog":true,"showMaterialUpdate":false,"showSkybox":true,"showFlares":true,"showImageEffects":true,"showParticleSystems":true},"in2DMode":false,"pivot":{"x":-0.004626035690307617,"y":-1.6543084383010865,"z":2.1304173469543459},"rotation":{"x":0.10473401099443436,"y":0.03728468716144562,"z":-0.003929294645786285,"w":0.9937933683395386},"size":15.093191146850586,"orthographic":false}