{"cameraMode":{"drawMode":0,"name":"Shaded","section":"Shading Mode"},"sceneLighting":true,"audioPlay":false,"sceneViewState":{"showFog":true,"showMaterialUpdate":true,"showSkybox":true,"showFlares":true,"showImageEffects":true,"showParticleSystems":true},"in2DMode":false,"pivot":{"x":3.664121389389038,"y":-6.821783542633057,"z":1.3148729801177979},"rotation":{"x":0.4537830352783203,"y":0.009342514909803868,"z":-0.004761276300996542,"w":0.8910505175590515},"size":25.952392578125,"orthographic":false}