{"cameraMode":{"drawMode":0,"name":"Shaded","section":"Shading Mode"},"sceneLighting":true,"audioPlay":false,"sceneViewState":{"showFog":true,"showMaterialUpdate":false,"showSkybox":true,"showFlares":true,"showImageEffects":true,"showParticleSystems":true},"in2DMode":false,"pivot":{"x":-0.41572055220603945,"y":0.9602426886558533,"z":-2.8562395572662355},"rotation":{"x":-0.042885009199380878,"y":0.01171500701457262,"z":-0.0005028867744840682,"w":-0.999011218547821},"size":3.5265979766845705,"orthographic":false}