{"cameraMode":{"drawMode":0,"name":"Shaded","section":"Shading Mode"},"sceneLighting":false,"audioPlay":false,"sceneViewState":{"showFog":true,"showMaterialUpdate":false,"showSkybox":true,"showFlares":true,"showImageEffects":true,"showParticleSystems":true},"in2DMode":false,"pivot":{"x":1.4498207569122315,"y":2.596139669418335,"z":0.1810765266418457},"rotation":{"x":0.029911961406469346,"y":-0.07848305255174637,"z":-0.002357201650738716,"w":-0.9964638948440552},"size":7.536823749542236,"orthographic":false}