{"cameraMode":{"drawMode":0,"name":"Shaded","section":"Shading Mode"},"sceneLighting":false,"audioPlay":false,"sceneViewState":{"showFog":true,"showMaterialUpdate":false,"showSkybox":true,"showFlares":true,"showImageEffects":true,"showParticleSystems":true},"in2DMode":false,"pivot":{"x":0.7184083461761475,"y":-4.646484375,"z":0.15484619140625},"rotation":{"x":0.6925361752510071,"y":-0.0010818890295922757,"z":0.0010390608804300428,"w":0.7213816046714783},"size":9.99547004699707,"orthographic":true}