{"cameraMode":{"drawMode":0,"name":"Shaded","section":"Shading Mode"},"sceneLighting":false,"audioPlay":false,"sceneViewState":{"showFog":true,"showMaterialUpdate":false,"showSkybox":true,"showFlares":true,"showImageEffects":true,"showParticleSystems":true},"in2DMode":false,"pivot":{"x":-1.235574722290039,"y":-2.1987812519073488,"z":1.774620532989502},"rotation":{"x":-0.4281579852104187,"y":-0.013821174390614033,"z":0.006550402380526066,"w":-0.9035744667053223},"size":12.7389554977417,"orthographic":false}