{"cameraMode":{"drawMode":0,"name":"Shaded","section":"Shading Mode"},"sceneLighting":true,"audioPlay":false,"sceneViewState":{"showFog":true,"showMaterialUpdate":false,"showSkybox":true,"showFlares":true,"showImageEffects":true,"showParticleSystems":true},"in2DMode":false,"pivot":{"x":-2.1566219329833986,"y":-4.466045379638672,"z":3.049213409423828},"rotation":{"x":-0.392037034034729,"y":0.16016705334186555,"z":-0.06951813399791718,"w":-0.9032279253005981},"size":25.875652313232423,"orthographic":false}