{"cameraMode":{"drawMode":0,"name":"Shaded","section":"Shading Mode"},"sceneLighting":false,"audioPlay":false,"sceneViewState":{"showFog":true,"showMaterialUpdate":false,"showSkybox":true,"showFlares":true,"showImageEffects":true,"showParticleSystems":true},"in2DMode":false,"pivot":{"x":4.62831974029541,"y":-5.797275066375732,"z":8.463824272155762},"rotation":{"x":0.23332537710666657,"y":0.005833036731928587,"z":-0.0013997609494253994,"w":0.9723802208900452},"size":17.216657638549806,"orthographic":false}