{"cameraMode":{"drawMode":0,"name":"Shaded","section":"Shading Mode"},"sceneLighting":false,"audioPlay":false,"sceneViewState":{"showFog":true,"showMaterialUpdate":false,"showSkybox":true,"showFlares":true,"showImageEffects":true,"showParticleSystems":true},"in2DMode":false,"pivot":{"x":0.5310033559799194,"y":-0.9560947418212891,"z":0.36232322454452517},"rotation":{"x":0.7341312170028687,"y":-0.0030556702986359598,"z":0.003303545992821455,"w":0.678992748260498},"size":11.679031372070313,"orthographic":false}