{"cameraMode":{"drawMode":0,"name":"Shaded","section":"Shading Mode"},"sceneLighting":false,"audioPlay":false,"sceneViewState":{"showFog":true,"showMaterialUpdate":false,"showSkybox":true,"showFlares":true,"showImageEffects":true,"showParticleSystems":true},"in2DMode":false,"pivot":{"x":-1.4901161193847657e-8,"y":0.0,"z":1.4901161193847657e-8},"rotation":{"x":0.1764622926712036,"y":-0.10901331156492233,"z":0.019668282940983774,"w":0.9780543446540833},"size":1.1724594831466675,"orthographic":false}