{"cameraMode":{"drawMode":0,"name":"Shaded","section":"Shading Mode"},"sceneLighting":true,"audioPlay":false,"sceneViewState":{"showFog":true,"showMaterialUpdate":false,"showSkybox":true,"showFlares":true,"showImageEffects":true,"showParticleSystems":true},"in2DMode":false,"pivot":{"x":-0.8524525165557861,"y":-1.7703943252563477,"z":8.737738609313965},"rotation":{"x":-0.3149663805961609,"y":0.039559490978717807,"z":-0.013140774331986905,"w":-0.948186993598938},"size":28.760133743286134,"orthographic":false}