{"cameraMode":{"drawMode":0,"name":"Shaded","section":"Shading Mode"},"sceneLighting":false,"audioPlay":false,"sceneViewState":{"showFog":true,"showMaterialUpdate":false,"showSkybox":true,"showFlares":true,"showImageEffects":true,"showParticleSystems":true},"in2DMode":false,"pivot":{"x":-0.9974055290222168,"y":-58.02254867553711,"z":33.20524978637695},"rotation":{"x":0.5021288990974426,"y":-0.033708605915308,"z":0.019593246281147004,"w":0.8639135360717773},"size":78.52803039550781,"orthographic":false}