{"cameraMode":{"drawMode":0,"name":"Shaded","section":"Shading Mode"},"sceneLighting":false,"audioPlay":false,"sceneViewState":{"showFog":true,"showMaterialUpdate":false,"showSkybox":true,"showFlares":true,"showImageEffects":true,"showParticleSystems":true},"in2DMode":false,"pivot":{"x":2.629880905151367,"y":-1.605851411819458,"z":-0.7734279632568359},"rotation":{"x":-0.11726922541856766,"y":0.14454878866672517,"z":-0.017255103215575219,"w":-0.9823725819587708},"size":22.0,"orthographic":false}