{"cameraMode":{"drawMode":0,"name":"Shaded","section":"Shading Mode"},"sceneLighting":true,"audioPlay":false,"sceneViewState":{"showFog":true,"showMaterialUpdate":false,"showSkybox":true,"showFlares":true,"showImageEffects":true,"showParticleSystems":true},"in2DMode":false,"pivot":{"x":0.06871867179870606,"y":2.5832886695861818,"z":0.08896160125732422},"rotation":{"x":-0.30371004343032839,"y":0.20785681903362275,"z":-0.06807515025138855,"w":-0.9273195266723633},"size":32.80685043334961,"orthographic":false}