{"cameraMode":{"drawMode":0,"name":"Shaded","section":"Shading Mode"},"sceneLighting":false,"audioPlay":false,"sceneViewState":{"showFog":true,"showMaterialUpdate":false,"showSkybox":true,"showFlares":true,"showImageEffects":true,"showParticleSystems":true},"in2DMode":false,"pivot":{"x":-5.775430202484131,"y":-1.656728744506836,"z":-2.829364776611328},"rotation":{"x":-0.2477775514125824,"y":0.0302256029099226,"z":-0.0077332002110779289,"w":-0.9683144688606262},"size":11.970099449157715,"orthographic":false}