{"cameraMode":{"drawMode":0,"name":"Shaded","section":"Shading Mode"},"sceneLighting":false,"audioPlay":false,"sceneViewState":{"showFog":true,"showMaterialUpdate":false,"showSkybox":true,"showFlares":true,"showImageEffects":true,"showParticleSystems":true},"in2DMode":false,"pivot":{"x":-10.573945045471192,"y":-11.721773147583008,"z":13.905952453613282},"rotation":{"x":0.3047078549861908,"y":-0.24624091386795045,"z":0.08187495917081833,"w":0.9164142608642578},"size":42.0552864074707,"orthographic":false}