{"cameraMode":{"drawMode":0,"name":"Shaded","section":"Shading Mode"},"sceneLighting":false,"audioPlay":false,"sceneViewState":{"showFog":true,"showMaterialUpdate":false,"showSkybox":true,"showFlares":true,"showImageEffects":true,"showParticleSystems":true},"in2DMode":false,"pivot":{"x":2.384185791015625e-7,"y":2.6993770599365236,"z":0.0004267692565917969},"rotation":{"x":-0.13103950023651124,"y":-0.26711106300354006,"z":0.03669016435742378,"w":-0.9540095329284668},"size":33.706756591796878,"orthographic":false}