{"cameraMode":{"drawMode":0,"name":"Shaded","section":"Shading Mode"},"sceneLighting":false,"audioPlay":false,"sceneViewState":{"showFog":true,"showMaterialUpdate":false,"showSkybox":true,"showFlares":true,"showImageEffects":true,"showParticleSystems":true},"in2DMode":false,"pivot":{"x":-0.050230979919433597,"y":-1.399999976158142,"z":-3.6792068481445314},"rotation":{"x":-0.48094049096107485,"y":0.07949329167604447,"z":-0.04384070634841919,"w":-0.8720408082008362},"size":1.4289418458938599,"orthographic":false}