{"cameraMode":{"drawMode":0,"name":"Shaded","section":"Shading Mode"},"sceneLighting":false,"audioPlay":false,"sceneViewState":{"showFog":true,"showMaterialUpdate":false,"showSkybox":true,"showFlares":true,"showImageEffects":true,"showParticleSystems":true},"in2DMode":false,"pivot":{"x":0.26118898391723635,"y":-1.5782378911972047,"z":-1.079831838607788},"rotation":{"x":0.3270358741283417,"y":0.190955251455307,"z":-0.0676562637090683,"w":0.9230418801307678},"size":10.161715507507325,"orthographic":false}