{"cameraMode":{"drawMode":0,"name":"Shaded","section":"Shading Mode"},"sceneLighting":false,"audioPlay":false,"sceneViewState":{"showFog":true,"showMaterialUpdate":false,"showSkybox":true,"showFlares":true,"showImageEffects":true,"showParticleSystems":true},"in2DMode":false,"pivot":{"x":0.09945893287658692,"y":-1.700000524520874,"z":1.9200013875961304},"rotation":{"x":-0.6097662448883057,"y":0.08256484568119049,"z":-0.06407876312732697,"w":-0.7856603264808655},"size":9.360945701599121,"orthographic":false}