{"cameraMode":{"drawMode":0,"name":"Shaded","section":"Shading Mode"},"sceneLighting":false,"audioPlay":false,"sceneViewState":{"showFog":true,"showMaterialUpdate":false,"showSkybox":true,"showFlares":true,"showImageEffects":true,"showParticleSystems":true},"in2DMode":false,"pivot":{"x":0.025739777833223344,"y":2.147695779800415,"z":-0.2501325309276581},"rotation":{"x":-0.32400113344192507,"y":-0.013337996788322926,"z":0.004567268770188093,"w":-0.9459516406059265},"size":11.5103759765625,"orthographic":false}