{"cameraMode":{"drawMode":0,"name":"Shaded","section":"Shading Mode"},"sceneLighting":false,"audioPlay":false,"sceneViewState":{"showFog":true,"showMaterialUpdate":false,"showSkybox":true,"showFlares":true,"showImageEffects":true,"showParticleSystems":true},"in2DMode":false,"pivot":{"x":-0.0967634990811348,"y":2.8929073810577394,"z":-0.00029754638671875},"rotation":{"x":-0.002999967895448208,"y":-0.0014999965205788613,"z":-0.000004500981503952062,"w":0.9999943971633911},"size":17.727378845214845,"orthographic":false}