{"cameraMode":{"drawMode":0,"name":"Shaded","section":"Shading Mode"},"sceneLighting":false,"audioPlay":false,"sceneViewState":{"showFog":true,"showMaterialUpdate":false,"showSkybox":true,"showFlares":true,"showImageEffects":true,"showParticleSystems":true},"in2DMode":false,"pivot":{"x":-16.431123733520509,"y":17.948387145996095,"z":17.829421997070314},"rotation":{"x":0.21137531101703645,"y":-0.013195772655308247,"z":0.0028539011254906656,"w":0.9773117303848267},"size":86.76528930664063,"orthographic":false}