{"cameraMode":{"drawMode":0,"name":"Shaded","section":"Shading Mode"},"sceneLighting":false,"audioPlay":false,"sceneViewState":{"showFog":true,"showMaterialUpdate":false,"showSkybox":true,"showFlares":true,"showImageEffects":true,"showParticleSystems":true},"in2DMode":false,"pivot":{"x":0.46745654940605166,"y":-4.6525373458862309,"z":9.466933250427246},"rotation":{"x":0.35685908794403078,"y":0.16957293450832368,"z":-0.06604450941085816,"w":0.9162612557411194},"size":22.699058532714845,"orthographic":false}