{"cameraMode":{"drawMode":0,"name":"Shaded","section":"Shading Mode"},"sceneLighting":false,"audioPlay":false,"sceneViewState":{"showFog":true,"showMaterialUpdate":false,"showSkybox":true,"showFlares":true,"showImageEffects":true,"showParticleSystems":true},"in2DMode":false,"pivot":{"x":0.2537068724632263,"y":2.7482125759124758,"z":4.5953145027160648},"rotation":{"x":0.06293430924415589,"y":-0.02844088152050972,"z":0.0017940825782716275,"w":0.9976107478141785},"size":20.52194595336914,"orthographic":false}