{"cameraMode":{"drawMode":0,"name":"Shaded","section":"Shading Mode"},"sceneLighting":false,"audioPlay":false,"sceneViewState":{"showFog":true,"showMaterialUpdate":false,"showSkybox":true,"showFlares":true,"showImageEffects":true,"showParticleSystems":true},"in2DMode":false,"pivot":{"x":0.07085883617401123,"y":2.324509620666504,"z":4.5},"rotation":{"x":-0.0642385482788086,"y":-0.08223279565572739,"z":0.005312169436365366,"w":-0.9945265054702759},"size":14.249774932861329,"orthographic":false}