{"cameraMode":{"drawMode":0,"name":"Shaded","section":"Shading Mode"},"sceneLighting":false,"audioPlay":false,"sceneViewState":{"showFog":true,"showMaterialUpdate":false,"showSkybox":true,"showFlares":true,"showImageEffects":true,"showParticleSystems":true},"in2DMode":false,"pivot":{"x":0.12014392018318176,"y":2.02154803276062,"z":2.6814370155334474},"rotation":{"x":0.1211969256401062,"y":-0.010423869825899601,"z":0.0012725630076602102,"w":0.9925729632377625},"size":22.030284881591798,"orthographic":false}