{"cameraMode":{"drawMode":0,"name":"Shaded","section":"Shading Mode"},"sceneLighting":false,"audioPlay":false,"sceneViewState":{"showFog":true,"showMaterialUpdate":false,"showSkybox":true,"showFlares":true,"showImageEffects":true,"showParticleSystems":true},"in2DMode":false,"pivot":{"x":-1.381482720375061,"y":0.9956181049346924,"z":3.9101009368896486},"rotation":{"x":0.10473401099443436,"y":0.03728468716144562,"z":-0.003929294645786285,"w":0.9937933683395386},"size":13.980684280395508,"orthographic":false}