{"cameraMode":{"drawMode":0,"name":"Shaded","section":"Shading Mode"},"sceneLighting":false,"audioPlay":false,"sceneViewState":{"showFog":true,"showMaterialUpdate":false,"showSkybox":true,"showFlares":true,"showImageEffects":true,"showParticleSystems":true},"in2DMode":false,"pivot":{"x":-2.6039648056030275,"y":3.4946177005767824,"z":15.362737655639649},"rotation":{"x":-0.007428706157952547,"y":-0.1345876008272171,"z":-0.0010091504082083703,"w":0.990873396396637},"size":25.105653762817384,"orthographic":false}