{"cameraMode":{"drawMode":0,"name":"Shaded","section":"Shading Mode"},"sceneLighting":false,"audioPlay":false,"sceneViewState":{"showFog":true,"showMaterialUpdate":false,"showSkybox":true,"showFlares":true,"showImageEffects":true,"showParticleSystems":true},"in2DMode":false,"pivot":{"x":-1.7351998090744019,"y":-0.05669963359832764,"z":4.5},"rotation":{"x":0.1479470282793045,"y":0.011866793967783451,"z":-0.00177543715108186,"w":0.9889225363731384},"size":16.53257942199707,"orthographic":false}