{"cameraMode":{"drawMode":0,"name":"Shaded","section":"Shading Mode"},"sceneLighting":false,"audioPlay":false,"sceneViewState":{"showFog":true,"showMaterialUpdate":false,"showSkybox":true,"showFlares":true,"showImageEffects":true,"showParticleSystems":true},"in2DMode":false,"pivot":{"x":-3.027402639389038,"y":-14.966894149780274,"z":14.0597505569458},"rotation":{"x":0.3951157033443451,"y":-0.08387243002653122,"z":0.03625426068902016,"w":0.9140758514404297},"size":35.584007263183597,"orthographic":false}