{"cameraMode":{"drawMode":0,"name":"Shaded","section":"Shading Mode"},"sceneLighting":false,"audioPlay":false,"sceneViewState":{"showFog":true,"showMaterialUpdate":false,"showSkybox":true,"showFlares":true,"showImageEffects":true,"showParticleSystems":true},"in2DMode":false,"pivot":{"x":-0.4748094081878662,"y":-0.6802899837493897,"z":-7.280662536621094},"rotation":{"x":-0.32400113344192507,"y":-0.013337996788322926,"z":0.004567268770188093,"w":-0.9459516406059265},"size":2.3477959632873537,"orthographic":false}