{"cameraMode":{"drawMode":0,"name":"Shaded","section":"Shading Mode"},"sceneLighting":false,"audioPlay":false,"sceneViewState":{"showFog":true,"showMaterialUpdate":false,"showSkybox":true,"showFlares":true,"showImageEffects":true,"showParticleSystems":true},"in2DMode":false,"pivot":{"x":2.8707151412963869,"y":-1.8773516416549683,"z":1.7521981000900269},"rotation":{"x":0.20697620511054994,"y":-0.013208667747676373,"z":0.0027944205794483425,"w":0.9782527685165405},"size":9.798974990844727,"orthographic":false}