{"cameraMode":{"drawMode":0,"name":"Shaded","section":"Shading Mode"},"sceneLighting":false,"audioPlay":false,"sceneViewState":{"showFog":true,"showMaterialUpdate":false,"showSkybox":true,"showFlares":true,"showImageEffects":true,"showParticleSystems":true},"in2DMode":false,"pivot":{"x":2.730548858642578,"y":-6.12470817565918,"z":5.759443283081055},"rotation":{"x":0.2740044891834259,"y":0.16770248115062715,"z":-0.04858740046620369,"w":0.945746660232544},"size":15.370599746704102,"orthographic":false}