{"cameraMode":{"drawMode":0,"name":"Shaded","section":"Shading Mode"},"sceneLighting":true,"audioPlay":false,"sceneViewState":{"showFog":true,"showMaterialUpdate":false,"showSkybox":true,"showFlares":true,"showImageEffects":true,"showParticleSystems":true},"in2DMode":false,"pivot":{"x":16.653026580810548,"y":1.794370412826538,"z":17.112436294555665},"rotation":{"x":0.14322160184383393,"y":0.3660212457180023,"z":-0.05712074041366577,"w":0.9177436232566834},"size":12.917439460754395,"orthographic":false}