{"cameraMode":{"drawMode":0,"name":"Shaded","section":"Shading Mode"},"sceneLighting":true,"audioPlay":false,"sceneViewState":{"showFog":true,"showMaterialUpdate":true,"showSkybox":true,"showFlares":true,"showImageEffects":true,"showParticleSystems":true},"in2DMode":false,"pivot":{"x":-0.3218207359313965,"y":3.0338046550750734,"z":3.990234375},"rotation":{"x":0.08091078698635102,"y":-0.004485679790377617,"z":0.00036465763696469367,"w":0.9967111945152283},"size":12.199895858764649,"orthographic":true}