{"cameraMode":{"drawMode":0,"name":"Shaded","section":"Shading Mode"},"sceneLighting":false,"audioPlay":false,"sceneViewState":{"showFog":true,"showMaterialUpdate":false,"showSkybox":true,"showFlares":true,"showImageEffects":true,"showParticleSystems":true},"in2DMode":false,"pivot":{"x":0.8304300308227539,"y":3.1541025638580324,"z":-0.03327178955078125},"rotation":{"x":0.1237562820315361,"y":0.0817684605717659,"z":-0.010233103297650814,"w":0.9888850450515747},"size":8.573295593261719,"orthographic":false}