{"cameraMode":{"drawMode":0,"name":"Shaded","section":"Shading Mode"},"sceneLighting":false,"audioPlay":false,"sceneViewState":{"showFog":true,"showMaterialUpdate":false,"showSkybox":true,"showFlares":true,"showImageEffects":true,"showParticleSystems":true},"in2DMode":false,"pivot":{"x":3.7038373947143556,"y":-8.837300300598145,"z":45.56340408325195},"rotation":{"x":0.10771382600069046,"y":0.015319964848458767,"z":-0.0016151779564097524,"w":0.994062602519989},"size":58.597496032714847,"orthographic":false}